REGION,DATE,Weekly_Contamines,Weekly_Rolling_4
Abia,2020-03-02,0.0,
Abia,2020-03-09,0.0,
Abia,2020-03-16,0.0,
Abia,2020-03-23,0.0,0.0
Abia,2020-03-30,0.0,0.0
Abia,2020-04-06,0.0,0.0
Abia,2020-04-13,0.0,0.0
Abia,2020-04-20,2.0,0.5
Abia,2020-04-27,0.0,0.5
Abia,2020-05-04,0.0,0.5
Abia,2020-05-11,0.0,0.5
Abia,2020-05-18,3.0,0.75
Abia,2020-05-25,2.0,1.25
Abia,2020-06-01,7.0,3.0
Abia,2020-06-08,67.0,19.75
Abia,2020-06-15,83.0,39.75
Abia,2020-06-22,58.0,53.75
Abia,2020-06-29,19.0,56.75
Abia,2020-07-06,36.0,49.0
Abia,2020-07-13,6.0,29.75
Abia,2020-07-20,113.0,43.5
Abia,2020-07-27,19.0,43.5
Abia,2020-08-03,31.0,42.25
Abia,2020-08-10,42.0,51.25
Abia,2020-08-17,61.0,38.25
Abia,2020-08-24,24.0,39.5
Abia,2020-08-31,16.0,35.75
Abia,2020-09-07,40.0,35.25
Abia,2020-09-14,11.0,22.75
Abia,2020-09-21,53.0,30.0
Abia,2020-09-28,13.0,29.25
Abia,2020-10-05,3.0,20.0
Abia,2020-10-12,0.0,17.25
Abia,2020-10-19,0.0,4.0
Abia,2020-10-26,0.0,0.75
Abia,2020-11-02,0.0,0.0
Abia,2020-11-09,28.0,7.0
Abia,2020-11-16,0.0,7.0
Abia,2020-11-23,0.0,7.0
Abia,2020-11-30,0.0,7.0
Abia,2020-12-07,0.0,0.0
Abia,2020-12-14,47.0,11.75
Abia,2020-12-21,10.0,14.25
Abia,2020-12-28,0.0,14.25
Abia,2021-01-04,30.0,21.75
Abia,2021-01-11,33.0,18.25
Abia,2021-01-18,43.0,26.5
Abia,2021-01-25,69.0,43.75
Abia,2021-02-01,17.0,40.5
Abia,2021-02-08,118.0,61.75
Abia,2021-02-15,0.0,51.0
Abia,2021-02-22,44.0,44.75
Abia,2021-03-01,42.0,51.0
Abia,2021-03-08,36.0,30.5
Abia,2021-03-15,33.0,38.75
Abia,2021-03-22,18.0,32.25
Abia,2021-03-29,16.0,25.75
Abia,2021-04-05,11.0,19.5
Abia,2021-04-12,7.0,13.0
Abia,2021-04-19,0.0,8.5
Abia,2021-04-26,6.0,6.0
Abia,2021-05-03,1.0,3.5
Abia,2021-05-10,0.0,1.75
Abia,2021-05-17,0.0,1.75
Abia,2021-05-24,3.0,1.0
Abia,2021-05-31,0.0,0.75
Abia,2021-06-07,0.0,0.75
Abia,2021-06-14,0.0,0.75
Abia,2021-06-21,0.0,0.0
Abia,2021-06-28,0.0,0.0
Abia,2021-07-05,0.0,0.0
Abia,2021-07-12,0.0,0.0
Abia,2021-07-19,0.0,0.0
Abia,2021-07-26,7.0,1.75
Abia,2021-08-02,33.0,10.0
Abia,2021-08-09,7.0,11.75
Abia,2021-08-16,43.0,22.5
Abia,2021-08-23,5.0,22.0
Abia,2021-08-30,3.0,14.5
Abia,2021-09-06,64.0,28.75
Abia,2021-09-13,21.0,23.25
Abia,2021-09-20,26.0,28.5
Abia,2021-09-27,36.0,36.75
Abia,2021-10-04,10.0,23.25
Abia,2021-10-11,8.0,20.0
Abia,2021-10-18,38.0,23.0
Abia,2021-10-25,4.0,15.0
Abia,2021-11-01,2.0,13.0
Abia,2021-11-08,1.0,11.25
Abia,2021-11-15,9.0,4.0
Abia,2021-11-22,1.0,3.25
Abia,2021-11-29,3.0,3.5
Abia,2021-12-06,3.0,4.0
Abia,2021-12-13,8.0,3.75
Abia,2021-12-20,51.0,16.25
Abia,2021-12-27,26.0,22.0
Abia,2022-01-03,22.0,26.75
Abia,2022-01-10,1.0,25.0
Abia,2022-01-17,1.0,12.5
Abia,2022-01-24,6.0,7.5
Abia,2022-01-31,0.0,2.0
Abia,2022-02-07,0.0,1.75
Adamawa,2020-03-02,0.0,
Adamawa,2020-03-09,0.0,
Adamawa,2020-03-16,0.0,
Adamawa,2020-03-23,0.0,0.0
Adamawa,2020-03-30,0.0,0.0
Adamawa,2020-04-06,0.0,0.0
Adamawa,2020-04-13,0.0,0.0
Adamawa,2020-04-20,0.0,0.0
Adamawa,2020-04-27,1.0,0.25
Adamawa,2020-05-04,9.0,2.5
Adamawa,2020-05-11,6.0,4.0
Adamawa,2020-05-18,0.0,4.0
Adamawa,2020-05-25,6.0,5.25
Adamawa,2020-06-01,15.0,6.75
Adamawa,2020-06-08,0.0,5.25
Adamawa,2020-06-15,0.0,5.25
Adamawa,2020-06-22,3.0,4.5
Adamawa,2020-06-29,26.0,7.25
Adamawa,2020-07-06,15.0,11.0
Adamawa,2020-07-13,11.0,13.75
Adamawa,2020-07-20,5.0,14.25
Adamawa,2020-07-27,25.0,14.0
Adamawa,2020-08-03,23.0,16.0
Adamawa,2020-08-10,21.0,18.5
Adamawa,2020-08-17,0.0,17.25
Adamawa,2020-08-24,32.0,19.0
Adamawa,2020-08-31,11.0,16.0
Adamawa,2020-09-07,0.0,10.75
Adamawa,2020-09-14,2.0,11.25
Adamawa,2020-09-21,4.0,4.25
Adamawa,2020-09-28,6.0,3.0
Adamawa,2020-10-05,8.0,5.0
Adamawa,2020-10-12,0.0,4.5
Adamawa,2020-10-19,0.0,3.5
Adamawa,2020-10-26,9.0,4.25
Adamawa,2020-11-02,0.0,2.25
Adamawa,2020-11-09,4.0,3.25
Adamawa,2020-11-16,0.0,3.25
Adamawa,2020-11-23,0.0,1.0
Adamawa,2020-11-30,0.0,1.0
Adamawa,2020-12-07,0.0,0.0
Adamawa,2020-12-14,51.0,12.75
Adamawa,2020-12-21,26.0,19.25
Adamawa,2020-12-28,36.0,28.25
Adamawa,2021-01-04,33.0,36.5
Adamawa,2021-01-11,73.0,42.0
Adamawa,2021-01-18,76.0,54.5
Adamawa,2021-01-25,35.0,54.25
Adamawa,2021-02-01,23.0,51.75
Adamawa,2021-02-08,94.0,57.0
Adamawa,2021-02-15,0.0,38.0
Adamawa,2021-02-22,37.0,38.5
Adamawa,2021-03-01,0.0,32.75
Adamawa,2021-03-08,180.0,54.25
Adamawa,2021-03-15,0.0,54.25
Adamawa,2021-03-22,0.0,45.0
Adamawa,2021-03-29,109.0,72.25
Adamawa,2021-04-05,0.0,27.25
Adamawa,2021-04-12,0.0,27.25
Adamawa,2021-04-19,12.0,30.25
Adamawa,2021-04-26,0.0,3.0
Adamawa,2021-05-03,40.0,13.0
Adamawa,2021-05-10,8.0,15.0
Adamawa,2021-05-17,19.0,16.75
Adamawa,2021-05-24,0.0,16.75
Adamawa,2021-05-31,0.0,6.75
Adamawa,2021-06-07,1.0,5.0
Adamawa,2021-06-14,0.0,0.25
Adamawa,2021-06-21,3.0,1.0
Adamawa,2021-06-28,0.0,1.0
Adamawa,2021-07-05,0.0,0.75
Adamawa,2021-07-12,0.0,0.75
Adamawa,2021-07-19,0.0,0.0
Adamawa,2021-07-26,0.0,0.0
Adamawa,2021-08-02,0.0,0.0
Adamawa,2021-08-09,0.0,0.0
Adamawa,2021-08-16,0.0,0.0
Adamawa,2021-08-23,2.0,0.5
Adamawa,2021-08-30,0.0,0.5
Adamawa,2021-09-06,17.0,4.75
Adamawa,2021-09-13,0.0,4.75
Adamawa,2021-09-20,4.0,5.25
Adamawa,2021-09-27,0.0,5.25
Adamawa,2021-10-04,0.0,1.0
Adamawa,2021-10-11,0.0,1.0
Adamawa,2021-10-18,0.0,0.0
Adamawa,2021-10-25,0.0,0.0
Adamawa,2021-11-01,0.0,0.0
Adamawa,2021-11-08,0.0,0.0
Adamawa,2021-11-15,0.0,0.0
Adamawa,2021-11-22,0.0,0.0
Adamawa,2021-11-29,0.0,0.0
Adamawa,2021-12-06,0.0,0.0
Adamawa,2021-12-13,0.0,0.0
Adamawa,2021-12-20,0.0,0.0
Adamawa,2021-12-27,0.0,0.0
Adamawa,2022-01-03,0.0,0.0
Adamawa,2022-01-10,0.0,0.0
Adamawa,2022-01-17,46.0,11.5
Adamawa,2022-01-24,0.0,11.5
Adamawa,2022-01-31,0.0,11.5
Adamawa,2022-02-07,0.0,11.5
Akwa Ibom,2020-03-02,0.0,
Akwa Ibom,2020-03-09,0.0,
Akwa Ibom,2020-03-16,0.0,
Akwa Ibom,2020-03-23,0.0,0.0
Akwa Ibom,2020-03-30,0.0,0.0
Akwa Ibom,2020-04-06,5.0,1.25
Akwa Ibom,2020-04-13,0.0,1.25
Akwa Ibom,2020-04-20,4.0,2.25
Akwa Ibom,2020-04-27,3.0,3.0
Akwa Ibom,2020-05-04,4.0,2.75
Akwa Ibom,2020-05-11,0.0,2.75
Akwa Ibom,2020-05-18,2.0,2.25
Akwa Ibom,2020-05-25,6.0,3.0
Akwa Ibom,2020-06-01,11.0,4.75
Akwa Ibom,2020-06-08,0.0,4.75
Akwa Ibom,2020-06-15,3.0,5.0
Akwa Ibom,2020-06-22,17.0,7.75
Akwa Ibom,2020-06-29,21.0,10.25
Akwa Ibom,2020-07-06,26.0,16.75
Akwa Ibom,2020-07-13,33.0,24.25
Akwa Ibom,2020-07-20,31.0,27.75
Akwa Ibom,2020-07-27,33.0,30.75
Akwa Ibom,2020-08-03,0.0,24.25
Akwa Ibom,2020-08-10,14.0,19.5
Akwa Ibom,2020-08-17,15.0,15.5
Akwa Ibom,2020-08-24,21.0,12.5
Akwa Ibom,2020-08-31,7.0,14.25
Akwa Ibom,2020-09-07,4.0,11.75
Akwa Ibom,2020-09-14,3.0,8.75
Akwa Ibom,2020-09-21,2.0,4.0
Akwa Ibom,2020-09-28,0.0,2.25
Akwa Ibom,2020-10-05,5.0,2.5
Akwa Ibom,2020-10-12,2.0,2.25
Akwa Ibom,2020-10-19,0.0,1.75
Akwa Ibom,2020-10-26,0.0,1.75
Akwa Ibom,2020-11-02,0.0,0.5
Akwa Ibom,2020-11-09,24.0,6.0
Akwa Ibom,2020-11-16,0.0,6.0
Akwa Ibom,2020-11-23,0.0,6.0
Akwa Ibom,2020-11-30,20.0,11.0
Akwa Ibom,2020-12-07,18.0,9.5
Akwa Ibom,2020-12-14,2.0,10.0
Akwa Ibom,2020-12-21,36.0,19.0
Akwa Ibom,2020-12-28,22.0,19.5
Akwa Ibom,2021-01-04,16.0,19.0
Akwa Ibom,2021-01-11,47.0,30.25
Akwa Ibom,2021-01-18,87.0,43.0
Akwa Ibom,2021-01-25,108.0,64.5
Akwa Ibom,2021-02-01,38.0,70.0
Akwa Ibom,2021-02-08,169.0,100.5
Akwa Ibom,2021-02-15,19.0,83.5
Akwa Ibom,2021-02-22,64.0,72.5
Akwa Ibom,2021-03-01,42.0,73.5
Akwa Ibom,2021-03-08,36.0,40.25
Akwa Ibom,2021-03-15,38.0,45.0
Akwa Ibom,2021-03-22,17.0,33.25
Akwa Ibom,2021-03-29,24.0,28.75
Akwa Ibom,2021-04-05,15.0,23.5
Akwa Ibom,2021-04-12,16.0,18.0
Akwa Ibom,2021-04-19,14.0,17.25
Akwa Ibom,2021-04-26,3.0,12.0
Akwa Ibom,2021-05-03,7.0,10.0
Akwa Ibom,2021-05-10,12.0,9.0
Akwa Ibom,2021-05-17,4.0,6.5
Akwa Ibom,2021-05-24,4.0,6.75
Akwa Ibom,2021-05-31,7.0,6.75
Akwa Ibom,2021-06-07,10.0,6.25
Akwa Ibom,2021-06-14,6.0,6.75
Akwa Ibom,2021-06-21,1.0,6.0
Akwa Ibom,2021-06-28,3.0,5.0
Akwa Ibom,2021-07-05,0.0,2.5
Akwa Ibom,2021-07-12,10.0,3.5
Akwa Ibom,2021-07-19,38.0,12.75
Akwa Ibom,2021-07-26,128.0,44.0
Akwa Ibom,2021-08-02,196.0,93.0
Akwa Ibom,2021-08-09,178.0,135.0
Akwa Ibom,2021-08-16,272.0,193.5
Akwa Ibom,2021-08-23,183.0,207.25
Akwa Ibom,2021-08-30,109.0,185.5
Akwa Ibom,2021-09-06,83.0,161.75
Akwa Ibom,2021-09-13,50.0,106.25
Akwa Ibom,2021-09-20,28.0,67.5
Akwa Ibom,2021-09-27,30.0,47.75
Akwa Ibom,2021-10-04,16.0,31.0
Akwa Ibom,2021-10-11,7.0,20.25
Akwa Ibom,2021-10-18,4.0,14.25
Akwa Ibom,2021-10-25,2.0,7.25
Akwa Ibom,2021-11-01,0.0,3.25
Akwa Ibom,2021-11-08,0.0,1.5
Akwa Ibom,2021-11-15,0.0,0.5
Akwa Ibom,2021-11-22,0.0,0.0
Akwa Ibom,2021-11-29,0.0,0.0
Akwa Ibom,2021-12-06,0.0,0.0
Akwa Ibom,2021-12-13,41.0,10.25
Akwa Ibom,2021-12-20,25.0,16.5
Akwa Ibom,2021-12-27,24.0,22.5
Akwa Ibom,2022-01-03,32.0,30.5
Akwa Ibom,2022-01-10,51.0,33.0
Akwa Ibom,2022-01-17,0.0,26.75
Akwa Ibom,2022-01-24,0.0,20.75
Akwa Ibom,2022-01-31,0.0,12.75
Akwa Ibom,2022-02-07,0.0,0.0
Anambra,2020-03-02,0.0,
Anambra,2020-03-09,0.0,
Anambra,2020-03-16,0.0,
Anambra,2020-03-23,0.0,0.0
Anambra,2020-03-30,0.0,0.0
Anambra,2020-04-06,0.0,0.0
Anambra,2020-04-13,1.0,0.25
Anambra,2020-04-20,0.0,0.25
Anambra,2020-04-27,0.0,0.25
Anambra,2020-05-04,0.0,0.25
Anambra,2020-05-11,0.0,0.0
Anambra,2020-05-18,4.0,1.0
Anambra,2020-05-25,2.0,1.5
Anambra,2020-06-01,1.0,1.75
Anambra,2020-06-08,18.0,6.25
Anambra,2020-06-15,35.0,14.0
Anambra,2020-06-22,0.0,13.5
Anambra,2020-06-29,7.0,15.0
Anambra,2020-07-06,0.0,10.5
Anambra,2020-07-13,28.0,8.75
Anambra,2020-07-20,31.0,16.5
Anambra,2020-07-27,0.0,14.75
Anambra,2020-08-03,3.0,15.5
Anambra,2020-08-10,7.0,10.25
Anambra,2020-08-17,35.0,11.25
Anambra,2020-08-24,13.0,14.5
Anambra,2020-08-31,15.0,17.5
Anambra,2020-09-07,7.0,17.5
Anambra,2020-09-14,6.0,10.25
Anambra,2020-09-21,1.0,7.25
Anambra,2020-09-28,5.0,4.75
Anambra,2020-10-05,8.0,5.0
Anambra,2020-10-12,4.0,4.5
Anambra,2020-10-19,19.0,9.0
Anambra,2020-10-26,2.0,8.25
Anambra,2020-11-02,0.0,6.25
Anambra,2020-11-09,5.0,6.5
Anambra,2020-11-16,3.0,2.5
Anambra,2020-11-23,0.0,2.0
Anambra,2020-11-30,0.0,2.0
Anambra,2020-12-07,0.0,0.75
Anambra,2020-12-14,5.0,1.25
Anambra,2020-12-21,6.0,2.75
Anambra,2020-12-28,9.0,5.0
Anambra,2021-01-04,14.0,8.5
Anambra,2021-01-11,96.0,31.25
Anambra,2021-01-18,80.0,49.75
Anambra,2021-01-25,155.0,86.25
Anambra,2021-02-01,173.0,126.0
Anambra,2021-02-08,378.0,196.5
Anambra,2021-02-15,0.0,176.5
Anambra,2021-02-22,344.0,223.75
Anambra,2021-03-01,111.0,208.25
Anambra,2021-03-08,56.0,127.75
Anambra,2021-03-15,96.0,151.75
Anambra,2021-03-22,0.0,65.75
Anambra,2021-03-29,0.0,38.0
Anambra,2021-04-05,0.0,24.0
Anambra,2021-04-12,0.0,0.0
Anambra,2021-04-19,0.0,0.0
Anambra,2021-04-26,0.0,0.0
Anambra,2021-05-03,0.0,0.0
Anambra,2021-05-10,0.0,0.0
Anambra,2021-05-17,0.0,0.0
Anambra,2021-05-24,0.0,0.0
Anambra,2021-05-31,0.0,0.0
Anambra,2021-06-07,0.0,0.0
Anambra,2021-06-14,0.0,0.0
Anambra,2021-06-21,0.0,0.0
Anambra,2021-06-28,0.0,0.0
Anambra,2021-07-05,0.0,0.0
Anambra,2021-07-12,0.0,0.0
Anambra,2021-07-19,0.0,0.0
Anambra,2021-07-26,0.0,0.0
Anambra,2021-08-02,9.0,2.25
Anambra,2021-08-09,4.0,3.25
Anambra,2021-08-16,70.0,20.75
Anambra,2021-08-23,16.0,24.75
Anambra,2021-08-30,4.0,23.5
Anambra,2021-09-06,41.0,32.75
Anambra,2021-09-13,50.0,27.75
Anambra,2021-09-20,23.0,29.5
Anambra,2021-09-27,91.0,51.25
Anambra,2021-10-04,40.0,51.0
Anambra,2021-10-11,32.0,46.5
Anambra,2021-10-18,0.0,40.75
Anambra,2021-10-25,0.0,18.0
Anambra,2021-11-01,18.0,12.5
Anambra,2021-11-08,0.0,4.5
Anambra,2021-11-15,0.0,4.5
Anambra,2021-11-22,18.0,9.0
Anambra,2021-11-29,0.0,4.5
Anambra,2021-12-06,0.0,4.5
Anambra,2021-12-13,0.0,4.5
Anambra,2021-12-20,40.0,10.0
Anambra,2021-12-27,25.0,16.25
Anambra,2022-01-03,3.0,17.0
Anambra,2022-01-10,208.0,69.0
Anambra,2022-01-17,43.0,69.75
Anambra,2022-01-24,0.0,63.5
Anambra,2022-01-31,0.0,62.75
Anambra,2022-02-07,0.0,10.75
Bauchi,2020-03-02,0.0,
Bauchi,2020-03-09,0.0,
Bauchi,2020-03-16,0.0,
Bauchi,2020-03-23,0.0,0.0
Bauchi,2020-03-30,2.0,0.5
Bauchi,2020-04-06,4.0,1.5
Bauchi,2020-04-13,0.0,1.5
Bauchi,2020-04-20,1.0,1.75
Bauchi,2020-04-27,4.0,2.25
Bauchi,2020-05-04,38.0,10.75
Bauchi,2020-05-11,48.0,22.75
Bauchi,2020-05-18,22.0,28.0
Bauchi,2020-05-25,4.0,28.0
Bauchi,2020-06-01,5.0,19.75
Bauchi,2020-06-08,24.0,13.75
Bauchi,2020-06-15,85.0,29.5
Bauchi,2020-06-22,26.0,35.0
Bauchi,2020-06-29,15.0,37.5
Bauchi,2020-07-06,8.0,33.5
Bauchi,2020-07-13,5.0,13.5
Bauchi,2020-07-20,10.0,9.5
Bauchi,2020-07-27,7.0,7.5
Bauchi,2020-08-03,20.0,10.5
Bauchi,2020-08-10,7.0,11.0
Bauchi,2020-08-17,13.0,11.75
Bauchi,2020-08-24,36.0,19.0
Bauchi,2020-08-31,21.0,19.25
Bauchi,2020-09-07,2.0,18.0
Bauchi,2020-09-14,10.0,17.25
Bauchi,2020-09-21,9.0,10.5
Bauchi,2020-09-28,5.0,6.5
Bauchi,2020-10-05,5.0,7.25
Bauchi,2020-10-12,6.0,6.25
Bauchi,2020-10-19,0.0,4.0
Bauchi,2020-10-26,0.0,2.75
Bauchi,2020-11-02,3.0,2.25
Bauchi,2020-11-09,3.0,1.5
Bauchi,2020-11-16,13.0,4.75
Bauchi,2020-11-23,9.0,7.0
Bauchi,2020-11-30,11.0,9.0
Bauchi,2020-12-07,14.0,11.75
Bauchi,2020-12-14,16.0,12.5
Bauchi,2020-12-21,55.0,24.0
Bauchi,2020-12-28,41.0,31.5
Bauchi,2021-01-04,68.0,45.0
Bauchi,2021-01-11,20.0,46.0
Bauchi,2021-01-18,7.0,34.0
Bauchi,2021-01-25,8.0,25.75
Bauchi,2021-02-01,15.0,12.5
Bauchi,2021-02-08,9.0,9.75
Bauchi,2021-02-15,26.0,14.5
Bauchi,2021-02-22,7.0,14.25
Bauchi,2021-03-01,7.0,12.25
Bauchi,2021-03-08,37.0,19.25
Bauchi,2021-03-15,108.0,39.75
Bauchi,2021-03-22,6.0,39.5
Bauchi,2021-03-29,33.0,46.0
Bauchi,2021-04-05,8.0,38.75
Bauchi,2021-04-12,5.0,13.0
Bauchi,2021-04-19,5.0,12.75
Bauchi,2021-04-26,0.0,4.5
Bauchi,2021-05-03,1.0,2.75
Bauchi,2021-05-10,0.0,1.5
Bauchi,2021-05-17,0.0,0.25
Bauchi,2021-05-24,0.0,0.25
Bauchi,2021-05-31,0.0,0.0
Bauchi,2021-06-07,0.0,0.0
Bauchi,2021-06-14,0.0,0.0
Bauchi,2021-06-21,0.0,0.0
Bauchi,2021-06-28,0.0,0.0
Bauchi,2021-07-05,0.0,0.0
Bauchi,2021-07-12,0.0,0.0
Bauchi,2021-07-19,0.0,0.0
Bauchi,2021-07-26,2.0,0.5
Bauchi,2021-08-02,2.0,1.0
Bauchi,2021-08-09,0.0,1.0
Bauchi,2021-08-16,0.0,1.0
Bauchi,2021-08-23,0.0,0.5
Bauchi,2021-08-30,0.0,0.0
Bauchi,2021-09-06,14.0,3.5
Bauchi,2021-09-13,0.0,3.5
Bauchi,2021-09-20,44.0,14.5
Bauchi,2021-09-27,1.0,14.75
Bauchi,2021-10-04,0.0,11.25
Bauchi,2021-10-11,13.0,14.5
Bauchi,2021-10-18,13.0,6.75
Bauchi,2021-10-25,11.0,9.25
Bauchi,2021-11-01,22.0,14.75
Bauchi,2021-11-08,31.0,19.25
Bauchi,2021-11-15,12.0,19.0
Bauchi,2021-11-22,3.0,17.0
Bauchi,2021-11-29,6.0,13.0
Bauchi,2021-12-06,5.0,6.5
Bauchi,2021-12-13,2.0,4.0
Bauchi,2021-12-20,14.0,6.75
Bauchi,2021-12-27,19.0,10.0
Bauchi,2022-01-03,25.0,15.0
Bauchi,2022-01-10,11.0,17.25
Bauchi,2022-01-17,16.0,17.75
Bauchi,2022-01-24,3.0,13.75
Bauchi,2022-01-31,4.0,8.5
Bauchi,2022-02-07,0.0,5.75
Bayelsa,2020-03-02,0.0,
Bayelsa,2020-03-09,0.0,
Bayelsa,2020-03-16,0.0,
Bayelsa,2020-03-23,0.0,0.0
Bayelsa,2020-03-30,0.0,0.0
Bayelsa,2020-04-06,0.0,0.0
Bayelsa,2020-04-13,0.0,0.0
Bayelsa,2020-04-20,0.0,0.0
Bayelsa,2020-04-27,1.0,0.25
Bayelsa,2020-05-04,4.0,1.25
Bayelsa,2020-05-11,1.0,1.5
Bayelsa,2020-05-18,0.0,1.5
Bayelsa,2020-05-25,5.0,2.5
Bayelsa,2020-06-01,9.0,3.75
Bayelsa,2020-06-08,9.0,5.75
Bayelsa,2020-06-15,2.0,6.25
Bayelsa,2020-06-22,81.0,25.25
Bayelsa,2020-06-29,20.0,28.0
Bayelsa,2020-07-06,45.0,37.0
Bayelsa,2020-07-13,30.0,44.0
Bayelsa,2020-07-20,9.0,26.0
Bayelsa,2020-07-27,5.0,22.25
Bayelsa,2020-08-03,12.0,14.0
Bayelsa,2020-08-10,7.0,8.25
Bayelsa,2020-08-17,6.0,7.5
Bayelsa,2020-08-24,14.0,9.75
Bayelsa,2020-08-31,15.0,10.5
Bayelsa,2020-09-07,0.0,8.75
Bayelsa,2020-09-14,2.0,7.75
Bayelsa,2020-09-21,1.0,4.5
Bayelsa,2020-09-28,3.0,1.5
Bayelsa,2020-10-05,3.0,2.25
Bayelsa,2020-10-12,2.0,2.25
Bayelsa,2020-10-19,0.0,2.0
Bayelsa,2020-10-26,0.0,1.25
Bayelsa,2020-11-02,10.0,3.0
Bayelsa,2020-11-09,0.0,2.5
Bayelsa,2020-11-16,13.0,5.75
Bayelsa,2020-11-23,19.0,10.5
Bayelsa,2020-11-30,5.0,9.25
Bayelsa,2020-12-07,9.0,11.5
Bayelsa,2020-12-14,4.0,9.25
Bayelsa,2020-12-21,28.0,11.5
Bayelsa,2020-12-28,11.0,13.0
Bayelsa,2021-01-04,26.0,17.25
Bayelsa,2021-01-11,24.0,22.25
Bayelsa,2021-01-18,28.0,22.25
Bayelsa,2021-01-25,36.0,28.5
Bayelsa,2021-02-01,12.0,25.0
Bayelsa,2021-02-08,34.0,27.5
Bayelsa,2021-02-15,13.0,23.75
Bayelsa,2021-02-22,25.0,21.0
Bayelsa,2021-03-01,14.0,21.5
Bayelsa,2021-03-08,28.0,20.0
Bayelsa,2021-03-15,19.0,21.5
Bayelsa,2021-03-22,10.0,17.75
Bayelsa,2021-03-29,14.0,17.75
Bayelsa,2021-04-05,9.0,13.0
Bayelsa,2021-04-12,17.0,12.5
Bayelsa,2021-04-19,7.0,11.75
Bayelsa,2021-04-26,1.0,8.5
Bayelsa,2021-05-03,0.0,6.25
Bayelsa,2021-05-10,0.0,2.0
Bayelsa,2021-05-17,2.0,0.75
Bayelsa,2021-05-24,0.0,0.5
Bayelsa,2021-05-31,0.0,0.5
Bayelsa,2021-06-07,1.0,0.75
Bayelsa,2021-06-14,17.0,4.5
Bayelsa,2021-06-21,0.0,4.5
Bayelsa,2021-06-28,0.0,4.5
Bayelsa,2021-07-05,0.0,4.25
Bayelsa,2021-07-12,0.0,0.0
Bayelsa,2021-07-19,1.0,0.25
Bayelsa,2021-07-26,1.0,0.5
Bayelsa,2021-08-02,13.0,3.75
Bayelsa,2021-08-09,9.0,6.0
Bayelsa,2021-08-16,8.0,7.75
Bayelsa,2021-08-23,16.0,11.5
Bayelsa,2021-08-30,43.0,19.0
Bayelsa,2021-09-06,19.0,21.5
Bayelsa,2021-09-13,27.0,26.25
Bayelsa,2021-09-20,20.0,27.25
Bayelsa,2021-09-27,5.0,17.75
Bayelsa,2021-10-04,4.0,14.0
Bayelsa,2021-10-11,0.0,7.25
Bayelsa,2021-10-18,0.0,2.25
Bayelsa,2021-10-25,3.0,1.75
Bayelsa,2021-11-01,2.0,1.25
Bayelsa,2021-11-08,0.0,1.25
Bayelsa,2021-11-15,3.0,2.0
Bayelsa,2021-11-22,0.0,1.25
Bayelsa,2021-11-29,2.0,1.25
Bayelsa,2021-12-06,0.0,1.25
Bayelsa,2021-12-13,6.0,2.0
Bayelsa,2021-12-20,8.0,4.0
Bayelsa,2021-12-27,7.0,5.25
Bayelsa,2022-01-03,5.0,6.5
Bayelsa,2022-01-10,3.0,5.75
Bayelsa,2022-01-17,0.0,3.75
Bayelsa,2022-01-24,0.0,2.0
Bayelsa,2022-01-31,0.0,0.75
Bayelsa,2022-02-07,0.0,0.0
Benue,2020-03-02,0.0,
Benue,2020-03-09,0.0,
Benue,2020-03-16,0.0,
Benue,2020-03-23,0.0,0.0
Benue,2020-03-30,1.0,0.25
Benue,2020-04-06,0.0,0.25
Benue,2020-04-13,0.0,0.25
Benue,2020-04-20,0.0,0.25
Benue,2020-04-27,0.0,0.0
Benue,2020-05-04,1.0,0.25
Benue,2020-05-11,0.0,0.25
Benue,2020-05-18,3.0,1.0
Benue,2020-05-25,0.0,1.0
Benue,2020-06-01,4.0,1.75
Benue,2020-06-08,4.0,2.75
Benue,2020-06-15,13.0,5.25
Benue,2020-06-22,8.0,7.25
Benue,2020-06-29,15.0,10.0
Benue,2020-07-06,38.0,18.5
Benue,2020-07-13,29.0,22.5
Benue,2020-07-20,116.0,49.5
Benue,2020-07-27,43.0,56.5
Benue,2020-08-03,10.0,49.5
Benue,2020-08-10,53.0,55.5
Benue,2020-08-17,21.0,31.75
Benue,2020-08-24,21.0,26.25
Benue,2020-08-31,1.0,24.0
Benue,2020-09-07,6.0,12.25
Benue,2020-09-14,4.0,8.0
Benue,2020-09-21,6.0,4.25
Benue,2020-09-28,7.0,5.75
Benue,2020-10-05,0.0,4.25
Benue,2020-10-12,2.0,3.75
Benue,2020-10-19,1.0,2.5
Benue,2020-10-26,2.0,1.25
Benue,2020-11-02,7.0,3.0
Benue,2020-11-09,0.0,2.5
Benue,2020-11-16,0.0,2.25
Benue,2020-11-23,0.0,1.75
Benue,2020-11-30,3.0,0.75
Benue,2020-12-07,5.0,2.0
Benue,2020-12-14,14.0,5.5
Benue,2020-12-21,0.0,5.5
Benue,2020-12-28,17.0,9.0
Benue,2021-01-04,5.0,9.0
Benue,2021-01-11,64.0,21.5
Benue,2021-01-18,56.0,35.5
Benue,2021-01-25,60.0,46.25
Benue,2021-02-01,131.0,77.75
Benue,2021-02-08,64.0,77.75
Benue,2021-02-15,95.0,87.5
Benue,2021-02-22,107.0,99.25
Benue,2021-03-01,18.0,71.0
Benue,2021-03-08,0.0,55.0
Benue,2021-03-15,0.0,31.25
Benue,2021-03-22,0.0,4.5
Benue,2021-03-29,0.0,0.0
Benue,2021-04-05,0.0,0.0
Benue,2021-04-12,0.0,0.0
Benue,2021-04-19,0.0,0.0
Benue,2021-04-26,0.0,0.0
Benue,2021-05-03,0.0,0.0
Benue,2021-05-10,0.0,0.0
Benue,2021-05-17,0.0,0.0
Benue,2021-05-24,0.0,0.0
Benue,2021-05-31,178.0,44.5
Benue,2021-06-07,0.0,44.5
Benue,2021-06-14,0.0,44.5
Benue,2021-06-21,0.0,44.5
Benue,2021-06-28,0.0,0.0
Benue,2021-07-05,0.0,0.0
Benue,2021-07-12,0.0,0.0
Benue,2021-07-19,0.0,0.0
Benue,2021-07-26,0.0,0.0
Benue,2021-08-02,0.0,0.0
Benue,2021-08-09,0.0,0.0
Benue,2021-08-16,0.0,0.0
Benue,2021-08-23,19.0,4.75
Benue,2021-08-30,6.0,6.25
Benue,2021-09-06,14.0,9.75
Benue,2021-09-13,24.0,15.75
Benue,2021-09-20,65.0,27.25
Benue,2021-09-27,20.0,30.75
Benue,2021-10-04,13.0,30.5
Benue,2021-10-11,32.0,32.5
Benue,2021-10-18,3.0,17.0
Benue,2021-10-25,37.0,21.25
Benue,2021-11-01,49.0,30.25
Benue,2021-11-08,5.0,23.5
Benue,2021-11-15,0.0,22.75
Benue,2021-11-22,0.0,13.5
Benue,2021-11-29,44.0,12.25
Benue,2021-12-06,0.0,11.0
Benue,2021-12-13,0.0,11.0
Benue,2021-12-20,0.0,11.0
Benue,2021-12-27,0.0,0.0
Benue,2022-01-03,202.0,50.5
Benue,2022-01-10,9.0,52.75
Benue,2022-01-17,11.0,55.5
Benue,2022-01-24,0.0,55.5
Benue,2022-01-31,0.0,5.0
Benue,2022-02-07,0.0,2.75
Borno,2020-03-02,0.0,
Borno,2020-03-09,0.0,
Borno,2020-03-16,0.0,
Borno,2020-03-23,0.0,0.0
Borno,2020-03-30,0.0,0.0
Borno,2020-04-06,0.0,0.0
Borno,2020-04-13,0.0,0.0
Borno,2020-04-20,2.0,0.5
Borno,2020-04-27,36.0,9.5
Borno,2020-05-04,17.0,13.75
Borno,2020-05-11,21.0,19.0
Borno,2020-05-18,19.0,23.25
Borno,2020-05-25,21.0,19.5
Borno,2020-06-01,23.0,21.0
Borno,2020-06-08,52.0,28.75
Borno,2020-06-15,67.0,40.75
Borno,2020-06-22,18.0,40.0
Borno,2020-06-29,14.0,37.75
Borno,2020-07-06,33.0,33.0
Borno,2020-07-13,18.0,20.75
Borno,2020-07-20,6.0,17.75
Borno,2020-07-27,6.0,15.75
Borno,2020-08-03,1.0,7.75
Borno,2020-08-10,45.0,14.5
Borno,2020-08-17,12.0,16.0
Borno,2020-08-24,34.0,23.0
Borno,2020-08-31,1.0,23.0
Borno,2020-09-07,0.0,11.75
Borno,2020-09-14,0.0,8.75
Borno,2020-09-21,0.0,0.25
Borno,2020-09-28,1.0,0.25
Borno,2020-10-05,2.0,0.75
Borno,2020-10-12,0.0,0.75
Borno,2020-10-19,0.0,0.75
Borno,2020-10-26,0.0,0.5
Borno,2020-11-02,0.0,0.0
Borno,2020-11-09,0.0,0.0
Borno,2020-11-16,0.0,0.0
Borno,2020-11-23,0.0,0.0
Borno,2020-11-30,0.0,0.0
Borno,2020-12-07,13.0,3.25
Borno,2020-12-14,0.0,3.25
Borno,2020-12-21,14.0,6.75
Borno,2020-12-28,18.0,11.25
Borno,2021-01-04,12.0,11.0
Borno,2021-01-11,21.0,16.25
Borno,2021-01-18,18.0,17.25
Borno,2021-01-25,19.0,17.5
Borno,2021-02-01,57.0,28.75
Borno,2021-02-08,105.0,49.75
Borno,2021-02-15,84.0,66.25
Borno,2021-02-22,26.0,68.0
Borno,2021-03-01,10.0,56.25
Borno,2021-03-08,22.0,35.5
Borno,2021-03-15,13.0,17.75
Borno,2021-03-22,5.0,12.5
Borno,2021-03-29,1.0,10.25
Borno,2021-04-05,10.0,7.25
Borno,2021-04-12,0.0,4.0
Borno,2021-04-19,0.0,2.75
Borno,2021-04-26,0.0,2.5
Borno,2021-05-03,0.0,0.0
Borno,2021-05-10,0.0,0.0
Borno,2021-05-17,0.0,0.0
Borno,2021-05-24,0.0,0.0
Borno,2021-05-31,0.0,0.0
Borno,2021-06-07,0.0,0.0
Borno,2021-06-14,0.0,0.0
Borno,2021-06-21,0.0,0.0
Borno,2021-06-28,7.0,1.75
Borno,2021-07-05,0.0,1.75
Borno,2021-07-12,0.0,1.75
Borno,2021-07-19,0.0,1.75
Borno,2021-07-26,0.0,0.0
Borno,2021-08-02,0.0,0.0
Borno,2021-08-09,0.0,0.0
Borno,2021-08-16,0.0,0.0
Borno,2021-08-23,0.0,0.0
Borno,2021-08-30,0.0,0.0
Borno,2021-09-06,0.0,0.0
Borno,2021-09-13,0.0,0.0
Borno,2021-09-20,0.0,0.0
Borno,2021-09-27,8.0,2.0
Borno,2021-10-04,4.0,3.0
Borno,2021-10-11,0.0,3.0
Borno,2021-10-18,0.0,3.0
Borno,2021-10-25,0.0,1.0
Borno,2021-11-01,0.0,0.0
Borno,2021-11-08,0.0,0.0
Borno,2021-11-15,0.0,0.0
Borno,2021-11-22,0.0,0.0
Borno,2021-11-29,0.0,0.0
Borno,2021-12-06,0.0,0.0
Borno,2021-12-13,0.0,0.0
Borno,2021-12-20,0.0,0.0
Borno,2021-12-27,176.0,44.0
Borno,2022-01-03,11.0,46.75
Borno,2022-01-10,18.0,51.25
Borno,2022-01-17,13.0,54.5
Borno,2022-01-24,2.0,11.0
Borno,2022-01-31,17.0,12.5
Borno,2022-02-07,0.0,8.0
Cross River,2020-03-02,0.0,
Cross River,2020-03-09,0.0,
Cross River,2020-03-16,0.0,
Cross River,2020-03-23,0.0,0.0
Cross River,2020-03-30,0.0,0.0
Cross River,2020-04-06,0.0,0.0
Cross River,2020-04-13,0.0,0.0
Cross River,2020-04-20,0.0,0.0
Cross River,2020-04-27,0.0,0.0
Cross River,2020-05-04,0.0,0.0
Cross River,2020-05-11,0.0,0.0
Cross River,2020-05-18,0.0,0.0
Cross River,2020-05-25,0.0,0.0
Cross River,2020-06-01,0.0,0.0
Cross River,2020-06-08,0.0,0.0
Cross River,2020-06-15,0.0,0.0
Cross River,2020-06-22,0.0,0.0
Cross River,2020-06-29,0.0,0.0
Cross River,2020-07-06,5.0,1.25
Cross River,2020-07-13,4.0,2.25
Cross River,2020-07-20,3.0,3.0
Cross River,2020-07-27,24.0,9.0
Cross River,2020-08-03,18.0,12.25
Cross River,2020-08-10,15.0,15.0
Cross River,2020-08-17,4.0,15.25
Cross River,2020-08-24,5.0,10.5
Cross River,2020-08-31,0.0,6.0
Cross River,2020-09-07,1.0,2.5
Cross River,2020-09-14,0.0,1.5
Cross River,2020-09-21,2.0,0.75
Cross River,2020-09-28,2.0,1.25
Cross River,2020-10-05,0.0,1.0
Cross River,2020-10-12,0.0,1.0
Cross River,2020-10-19,0.0,0.5
Cross River,2020-10-26,0.0,0.0
Cross River,2020-11-02,0.0,0.0
Cross River,2020-11-09,0.0,0.0
Cross River,2020-11-16,2.0,0.5
Cross River,2020-11-23,1.0,0.75
Cross River,2020-11-30,0.0,0.75
Cross River,2020-12-07,0.0,0.75
Cross River,2020-12-14,0.0,0.25
Cross River,2020-12-21,4.0,1.0
Cross River,2020-12-28,72.0,19.0
Cross River,2021-01-04,0.0,19.0
Cross River,2021-01-11,0.0,19.0
Cross River,2021-01-18,0.0,18.0
Cross River,2021-01-25,20.0,5.0
Cross River,2021-02-01,14.0,8.5
Cross River,2021-02-08,19.0,13.25
Cross River,2021-02-15,10.0,15.75
Cross River,2021-02-22,15.0,14.5
Cross River,2021-03-01,57.0,25.25
Cross River,2021-03-08,10.0,23.0
Cross River,2021-03-15,10.0,23.0
Cross River,2021-03-22,9.0,21.5
Cross River,2021-03-29,9.0,9.5
Cross River,2021-04-05,11.0,9.75
Cross River,2021-04-12,8.0,9.25
Cross River,2021-04-19,9.0,9.25
Cross River,2021-04-26,0.0,7.0
Cross River,2021-05-03,0.0,4.25
Cross River,2021-05-10,0.0,2.25
Cross River,2021-05-17,0.0,0.0
Cross River,2021-05-24,0.0,0.0
Cross River,2021-05-31,0.0,0.0
Cross River,2021-06-07,8.0,2.0
Cross River,2021-06-14,0.0,2.0
Cross River,2021-06-21,0.0,2.0
Cross River,2021-06-28,0.0,2.0
Cross River,2021-07-05,0.0,0.0
Cross River,2021-07-12,0.0,0.0
Cross River,2021-07-19,2.0,0.5
Cross River,2021-07-26,0.0,0.5
Cross River,2021-08-02,15.0,4.25
Cross River,2021-08-09,19.0,9.0
Cross River,2021-08-16,13.0,11.75
Cross River,2021-08-23,19.0,16.5
Cross River,2021-08-30,6.0,14.25
Cross River,2021-09-06,40.0,19.5
Cross River,2021-09-13,17.0,20.5
Cross River,2021-09-20,27.0,22.5
Cross River,2021-09-27,7.0,22.75
Cross River,2021-10-04,0.0,12.75
Cross River,2021-10-11,29.0,15.75
Cross River,2021-10-18,0.0,9.0
Cross River,2021-10-25,29.0,14.5
Cross River,2021-11-01,11.0,17.25
Cross River,2021-11-08,13.0,13.25
Cross River,2021-11-15,4.0,14.25
Cross River,2021-11-22,0.0,7.0
Cross River,2021-11-29,5.0,5.5
Cross River,2021-12-06,0.0,2.25
Cross River,2021-12-13,23.0,7.0
Cross River,2021-12-20,6.0,8.5
Cross River,2021-12-27,0.0,7.25
Cross River,2022-01-03,22.0,12.75
Cross River,2022-01-10,17.0,11.25
Cross River,2022-01-17,34.0,18.25
Cross River,2022-01-24,0.0,18.25
Cross River,2022-01-31,0.0,12.75
Cross River,2022-02-07,0.0,8.5
Delta,2020-03-02,0.0,
Delta,2020-03-09,0.0,
Delta,2020-03-16,0.0,
Delta,2020-03-23,0.0,0.0
Delta,2020-03-30,0.0,0.0
Delta,2020-04-06,0.0,0.0
Delta,2020-04-13,3.0,0.75
Delta,2020-04-20,1.0,1.0
Delta,2020-04-27,2.0,1.5
Delta,2020-05-04,9.0,3.75
Delta,2020-05-11,0.0,3.0
Delta,2020-05-18,10.0,5.25
Delta,2020-05-25,11.0,7.5
Delta,2020-06-01,29.0,12.5
Delta,2020-06-08,46.0,24.0
Delta,2020-06-15,23.0,27.25
Delta,2020-06-22,133.0,57.75
Delta,2020-06-29,112.0,78.5
Delta,2020-07-06,270.0,134.5
Delta,2020-07-13,38.0,138.25
Delta,2020-07-20,43.0,115.75
Delta,2020-07-27,20.0,92.75
Delta,2020-08-03,23.0,31.0
Delta,2020-08-10,46.0,33.0
Delta,2020-08-17,32.0,30.25
Delta,2020-08-24,57.0,39.5
Delta,2020-08-31,21.0,39.0
Delta,2020-09-07,18.0,32.0
Delta,2020-09-14,23.0,29.75
Delta,2020-09-21,6.0,17.0
Delta,2020-09-28,2.0,12.25
Delta,2020-10-05,1.0,8.0
Delta,2020-10-12,0.0,2.25
Delta,2020-10-19,6.0,2.25
Delta,2020-10-26,0.0,1.75
Delta,2020-11-02,2.0,2.0
Delta,2020-11-09,2.0,2.5
Delta,2020-11-16,7.0,2.75
Delta,2020-11-23,0.0,2.75
Delta,2020-11-30,1.0,2.5
Delta,2020-12-07,3.0,2.75
Delta,2020-12-14,2.0,1.5
Delta,2020-12-21,10.0,4.0
Delta,2020-12-28,13.0,7.0
Delta,2021-01-04,21.0,11.5
Delta,2021-01-11,24.0,17.0
Delta,2021-01-18,80.0,34.5
Delta,2021-01-25,59.0,46.0
Delta,2021-02-01,67.0,57.5
Delta,2021-02-08,41.0,61.75
Delta,2021-02-15,23.0,47.5
Delta,2021-02-22,16.0,36.75
Delta,2021-03-01,24.0,26.0
Delta,2021-03-08,4.0,16.75
Delta,2021-03-15,5.0,12.25
Delta,2021-03-22,6.0,9.75
Delta,2021-03-29,0.0,3.75
Delta,2021-04-05,9.0,5.0
Delta,2021-04-12,5.0,5.0
Delta,2021-04-19,0.0,3.5
Delta,2021-04-26,3.0,4.25
Delta,2021-05-03,3.0,2.75
Delta,2021-05-10,2.0,2.0
Delta,2021-05-17,2.0,2.5
Delta,2021-05-24,0.0,1.75
Delta,2021-05-31,0.0,1.0
Delta,2021-06-07,1.0,0.75
Delta,2021-06-14,10.0,2.75
Delta,2021-06-21,9.0,5.0
Delta,2021-06-28,2.0,5.5
Delta,2021-07-05,0.0,5.25
Delta,2021-07-12,0.0,2.75
Delta,2021-07-19,3.0,1.25
Delta,2021-07-26,9.0,3.0
Delta,2021-08-02,17.0,7.25
Delta,2021-08-09,20.0,12.25
Delta,2021-08-16,19.0,16.25
Delta,2021-08-23,43.0,24.75
Delta,2021-08-30,77.0,39.75
Delta,2021-09-06,24.0,40.75
Delta,2021-09-13,73.0,54.25
Delta,2021-09-20,64.0,59.5
Delta,2021-09-27,38.0,49.75
Delta,2021-10-04,15.0,47.5
Delta,2021-10-11,30.0,36.75
Delta,2021-10-18,24.0,26.75
Delta,2021-10-25,519.0,147.0
Delta,2021-11-01,29.0,150.5
Delta,2021-11-08,2.0,143.5
Delta,2021-11-15,0.0,137.5
Delta,2021-11-22,1.0,8.0
Delta,2021-11-29,3.0,1.5
Delta,2021-12-06,6.0,2.5
Delta,2021-12-13,124.0,33.5
Delta,2021-12-20,251.0,96.0
Delta,2021-12-27,29.0,102.5
Delta,2022-01-03,189.0,148.25
Delta,2022-01-10,45.0,128.5
Delta,2022-01-17,174.0,109.25
Delta,2022-01-24,37.0,111.25
Delta,2022-01-31,8.0,66.0
Delta,2022-02-07,0.0,54.75
Ebonyi,2020-03-02,0.0,
Ebonyi,2020-03-09,0.0,
Ebonyi,2020-03-16,0.0,
Ebonyi,2020-03-23,0.0,0.0
Ebonyi,2020-03-30,0.0,0.0
Ebonyi,2020-04-06,0.0,0.0
Ebonyi,2020-04-13,0.0,0.0
Ebonyi,2020-04-20,0.0,0.0
Ebonyi,2020-04-27,1.0,0.25
Ebonyi,2020-05-04,3.0,1.0
Ebonyi,2020-05-11,2.0,1.5
Ebonyi,2020-05-18,1.0,1.75
Ebonyi,2020-05-25,24.0,7.5
Ebonyi,2020-06-01,7.0,8.5
Ebonyi,2020-06-08,46.0,19.5
Ebonyi,2020-06-15,59.0,34.0
Ebonyi,2020-06-22,102.0,53.5
Ebonyi,2020-06-29,68.0,68.75
Ebonyi,2020-07-06,65.0,73.5
Ebonyi,2020-07-13,113.0,87.0
Ebonyi,2020-07-20,63.0,77.25
Ebonyi,2020-07-27,15.0,64.0
Ebonyi,2020-08-03,29.0,55.0
Ebonyi,2020-08-10,38.0,36.25
Ebonyi,2020-08-17,49.0,32.75
Ebonyi,2020-08-24,11.0,31.75
Ebonyi,2020-08-31,17.0,28.75
Ebonyi,2020-09-07,13.0,22.5
Ebonyi,2020-09-14,4.0,11.25
Ebonyi,2020-09-21,4.0,9.5
Ebonyi,2020-09-28,2.0,5.75
Ebonyi,2020-10-05,2.0,3.0
Ebonyi,2020-10-12,2.0,2.5
Ebonyi,2020-10-19,5.0,2.75
Ebonyi,2020-10-26,0.0,2.25
Ebonyi,2020-11-02,0.0,1.75
Ebonyi,2020-11-09,6.0,2.75
Ebonyi,2020-11-16,0.0,1.5
Ebonyi,2020-11-23,0.0,1.5
Ebonyi,2020-11-30,0.0,1.5
Ebonyi,2020-12-07,0.0,0.0
Ebonyi,2020-12-14,6.0,1.5
Ebonyi,2020-12-21,11.0,4.25
Ebonyi,2020-12-28,6.0,5.75
Ebonyi,2021-01-04,10.0,8.25
Ebonyi,2021-01-11,29.0,14.0
Ebonyi,2021-01-18,65.0,27.5
Ebonyi,2021-01-25,60.0,41.0
Ebonyi,2021-02-01,32.0,46.5
Ebonyi,2021-02-08,117.0,68.5
Ebonyi,2021-02-15,143.0,88.0
Ebonyi,2021-02-22,148.0,110.0
Ebonyi,2021-03-01,17.0,106.25
Ebonyi,2021-03-08,40.0,87.0
Ebonyi,2021-03-15,17.0,55.5
Ebonyi,2021-03-22,21.0,23.75
Ebonyi,2021-03-29,14.0,23.0
Ebonyi,2021-04-05,0.0,13.0
Ebonyi,2021-04-12,10.0,11.25
Ebonyi,2021-04-19,12.0,9.0
Ebonyi,2021-04-26,0.0,5.5
Ebonyi,2021-05-03,0.0,5.5
Ebonyi,2021-05-10,0.0,3.0
Ebonyi,2021-05-17,0.0,0.0
Ebonyi,2021-05-24,6.0,1.5
Ebonyi,2021-05-31,1.0,1.75
Ebonyi,2021-06-07,0.0,1.75
Ebonyi,2021-06-14,1.0,2.0
Ebonyi,2021-06-21,1.0,0.75
Ebonyi,2021-06-28,0.0,0.5
Ebonyi,2021-07-05,0.0,0.5
Ebonyi,2021-07-12,0.0,0.25
Ebonyi,2021-07-19,0.0,0.0
Ebonyi,2021-07-26,0.0,0.0
Ebonyi,2021-08-02,6.0,1.5
Ebonyi,2021-08-09,0.0,1.5
Ebonyi,2021-08-16,0.0,1.5
Ebonyi,2021-08-23,0.0,1.5
Ebonyi,2021-08-30,1.0,0.25
Ebonyi,2021-09-06,0.0,0.25
Ebonyi,2021-09-13,11.0,3.0
Ebonyi,2021-09-20,0.0,3.0
Ebonyi,2021-09-27,0.0,2.75
Ebonyi,2021-10-04,0.0,2.75
Ebonyi,2021-10-11,0.0,0.0
Ebonyi,2021-10-18,0.0,0.0
Ebonyi,2021-10-25,0.0,0.0
Ebonyi,2021-11-01,3.0,0.75
Ebonyi,2021-11-08,0.0,0.75
Ebonyi,2021-11-15,0.0,0.75
Ebonyi,2021-11-22,0.0,0.75
Ebonyi,2021-11-29,0.0,0.0
Ebonyi,2021-12-06,0.0,0.0
Ebonyi,2021-12-13,0.0,0.0
Ebonyi,2021-12-20,0.0,0.0
Ebonyi,2021-12-27,0.0,0.0
Ebonyi,2022-01-03,0.0,0.0
Ebonyi,2022-01-10,2.0,0.5
Ebonyi,2022-01-17,0.0,0.5
Ebonyi,2022-01-24,0.0,0.5
Ebonyi,2022-01-31,0.0,0.5
Ebonyi,2022-02-07,0.0,0.0
Edo,2020-03-02,0.0,
Edo,2020-03-09,0.0,
Edo,2020-03-16,0.0,
Edo,2020-03-23,1.0,0.25
Edo,2020-03-30,1.0,0.5
Edo,2020-04-06,5.0,1.75
Edo,2020-04-13,3.0,2.5
Edo,2020-04-20,0.0,2.25
Edo,2020-04-27,5.0,3.25
Edo,2020-05-04,19.0,6.75
Edo,2020-05-11,14.0,9.5
Edo,2020-05-18,25.0,15.75
Edo,2020-05-25,53.0,27.75
Edo,2020-06-01,90.0,45.5
Edo,2020-06-08,32.0,50.0
Edo,2020-06-15,35.0,52.5
Edo,2020-06-22,95.0,63.0
Edo,2020-06-29,72.0,58.5
Edo,2020-07-06,166.0,92.0
Edo,2020-07-13,101.0,108.5
Edo,2020-07-20,118.0,114.25
Edo,2020-07-27,65.0,112.5
Edo,2020-08-03,31.0,78.75
Edo,2020-08-10,37.0,62.75
Edo,2020-08-17,15.0,37.0
Edo,2020-08-24,24.0,26.75
Edo,2020-08-31,20.0,24.0
Edo,2020-09-07,3.0,15.5
Edo,2020-09-14,2.0,12.25
Edo,2020-09-21,2.0,6.75
Edo,2020-09-28,4.0,2.75
Edo,2020-10-05,5.0,3.25
Edo,2020-10-12,5.0,4.0
Edo,2020-10-19,7.0,5.25
Edo,2020-10-26,5.0,5.5
Edo,2020-11-02,8.0,6.25
Edo,2020-11-09,11.0,7.75
Edo,2020-11-16,9.0,8.25
Edo,2020-11-23,4.0,8.0
Edo,2020-11-30,1.0,6.25
Edo,2020-12-07,11.0,6.25
Edo,2020-12-14,9.0,6.25
Edo,2020-12-21,24.0,11.25
Edo,2020-12-28,10.0,13.5
Edo,2021-01-04,48.0,22.75
Edo,2021-01-11,25.0,26.75
Edo,2021-01-18,130.0,53.25
Edo,2021-01-25,120.0,80.75
Edo,2021-02-01,16.0,72.75
Edo,2021-02-08,141.0,101.75
Edo,2021-02-15,77.0,88.5
Edo,2021-02-22,27.0,65.25
Edo,2021-03-01,95.0,85.0
Edo,2021-03-08,89.0,72.0
Edo,2021-03-15,71.0,70.5
Edo,2021-03-22,10.0,66.25
Edo,2021-03-29,6.0,44.0
Edo,2021-04-05,11.0,24.5
Edo,2021-04-12,2.0,7.25
Edo,2021-04-19,4.0,5.75
Edo,2021-04-26,2.0,4.75
Edo,2021-05-03,4.0,3.0
Edo,2021-05-10,1.0,2.75
Edo,2021-05-17,1.0,2.0
Edo,2021-05-24,1.0,1.75
Edo,2021-05-31,0.0,0.75
Edo,2021-06-07,0.0,0.5
Edo,2021-06-14,2.0,0.75
Edo,2021-06-21,0.0,0.5
Edo,2021-06-28,0.0,0.5
Edo,2021-07-05,0.0,0.5
Edo,2021-07-12,0.0,0.0
Edo,2021-07-19,4.0,1.0
Edo,2021-07-26,2.0,1.5
Edo,2021-08-02,23.0,7.25
Edo,2021-08-09,9.0,9.5
Edo,2021-08-16,16.0,12.5
Edo,2021-08-23,56.0,26.0
Edo,2021-08-30,121.0,50.5
Edo,2021-09-06,76.0,67.25
Edo,2021-09-13,167.0,105.0
Edo,2021-09-20,179.0,135.75
Edo,2021-09-27,29.0,112.75
Edo,2021-10-04,30.0,101.25
Edo,2021-10-11,34.0,68.0
Edo,2021-10-18,17.0,27.5
Edo,2021-10-25,23.0,26.0
Edo,2021-11-01,19.0,23.25
Edo,2021-11-08,6.0,16.25
Edo,2021-11-15,1.0,12.25
Edo,2021-11-22,1.0,6.75
Edo,2021-11-29,2.0,2.5
Edo,2021-12-06,11.0,3.75
Edo,2021-12-13,44.0,14.5
Edo,2021-12-20,214.0,67.75
Edo,2021-12-27,272.0,135.25
Edo,2022-01-03,97.0,156.75
Edo,2022-01-10,36.0,154.75
Edo,2022-01-17,10.0,103.75
Edo,2022-01-24,38.0,45.25
Edo,2022-01-31,17.0,25.25
Edo,2022-02-07,0.0,16.25
Ekiti,2020-03-02,0.0,
Ekiti,2020-03-09,0.0,
Ekiti,2020-03-16,0.0,
Ekiti,2020-03-23,1.0,0.25
Ekiti,2020-03-30,0.0,0.25
Ekiti,2020-04-06,1.0,0.5
Ekiti,2020-04-13,0.0,0.5
Ekiti,2020-04-20,2.0,0.75
Ekiti,2020-04-27,4.0,1.75
Ekiti,2020-05-04,4.0,2.5
Ekiti,2020-05-11,2.0,3.0
Ekiti,2020-05-18,4.0,3.5
Ekiti,2020-05-25,1.0,2.75
Ekiti,2020-06-01,0.0,1.75
Ekiti,2020-06-08,9.0,3.5
Ekiti,2020-06-15,1.0,2.75
Ekiti,2020-06-22,2.0,3.0
Ekiti,2020-06-29,4.0,4.0
Ekiti,2020-07-06,1.0,2.0
Ekiti,2020-07-13,15.0,5.5
Ekiti,2020-07-20,8.0,7.0
Ekiti,2020-07-27,15.0,9.75
Ekiti,2020-08-03,19.0,14.25
Ekiti,2020-08-10,23.0,16.25
Ekiti,2020-08-17,13.0,17.5
Ekiti,2020-08-24,17.0,18.0
Ekiti,2020-08-31,20.0,18.25
Ekiti,2020-09-07,18.0,17.0
Ekiti,2020-09-14,5.0,15.0
Ekiti,2020-09-21,7.0,12.5
Ekiti,2020-09-28,4.0,8.5
Ekiti,2020-10-05,1.0,4.25
Ekiti,2020-10-12,1.0,3.25
Ekiti,2020-10-19,4.0,2.5
Ekiti,2020-10-26,3.0,2.25
Ekiti,2020-11-02,3.0,2.75
Ekiti,2020-11-09,3.0,3.25
Ekiti,2020-11-16,5.0,3.5
Ekiti,2020-11-23,6.0,4.25
Ekiti,2020-11-30,7.0,5.25
Ekiti,2020-12-07,15.0,8.25
Ekiti,2020-12-14,5.0,8.25
Ekiti,2020-12-21,7.0,8.5
Ekiti,2020-12-28,4.0,7.75
Ekiti,2021-01-04,6.0,5.5
Ekiti,2021-01-11,7.0,6.0
Ekiti,2021-01-18,9.0,6.5
Ekiti,2021-01-25,20.0,10.5
Ekiti,2021-02-01,34.0,17.5
Ekiti,2021-02-08,35.0,24.5
Ekiti,2021-02-15,37.0,31.5
Ekiti,2021-02-22,32.0,34.5
Ekiti,2021-03-01,7.0,27.75
Ekiti,2021-03-08,14.0,22.5
Ekiti,2021-03-15,12.0,16.25
Ekiti,2021-03-22,10.0,10.75
Ekiti,2021-03-29,2.0,9.5
Ekiti,2021-04-05,2.0,6.5
Ekiti,2021-04-12,1.0,3.75
Ekiti,2021-04-19,1.0,1.5
Ekiti,2021-04-26,1.0,1.25
Ekiti,2021-05-03,2.0,1.25
Ekiti,2021-05-10,0.0,1.0
Ekiti,2021-05-17,1.0,1.0
Ekiti,2021-05-24,1.0,1.0
Ekiti,2021-05-31,1.0,0.75
Ekiti,2021-06-07,1.0,1.0
Ekiti,2021-06-14,0.0,0.75
Ekiti,2021-06-21,1.0,0.75
Ekiti,2021-06-28,0.0,0.5
Ekiti,2021-07-05,2.0,0.75
Ekiti,2021-07-12,4.0,1.75
Ekiti,2021-07-19,8.0,3.5
Ekiti,2021-07-26,9.0,5.75
Ekiti,2021-08-02,14.0,8.75
Ekiti,2021-08-09,30.0,15.25
Ekiti,2021-08-16,24.0,19.25
Ekiti,2021-08-23,69.0,34.25
Ekiti,2021-08-30,20.0,35.75
Ekiti,2021-09-06,23.0,34.0
Ekiti,2021-09-13,31.0,35.75
Ekiti,2021-09-20,17.0,22.75
Ekiti,2021-09-27,27.0,24.5
Ekiti,2021-10-04,5.0,20.0
Ekiti,2021-10-11,9.0,14.5
Ekiti,2021-10-18,10.0,12.75
Ekiti,2021-10-25,15.0,9.75
Ekiti,2021-11-01,3.0,9.25
Ekiti,2021-11-08,3.0,7.75
Ekiti,2021-11-15,0.0,5.25
Ekiti,2021-11-22,1.0,1.75
Ekiti,2021-11-29,2.0,1.5
Ekiti,2021-12-06,1.0,1.0
Ekiti,2021-12-13,6.0,2.5
Ekiti,2021-12-20,47.0,14.0
Ekiti,2021-12-27,49.0,25.75
Ekiti,2022-01-03,22.0,31.0
Ekiti,2022-01-10,17.0,33.75
Ekiti,2022-01-17,12.0,25.0
Ekiti,2022-01-24,5.0,14.0
Ekiti,2022-01-31,0.0,8.5
Ekiti,2022-02-07,0.0,4.25
Enugu,2020-03-02,0.0,
Enugu,2020-03-09,0.0,
Enugu,2020-03-16,0.0,
Enugu,2020-03-23,0.0,0.0
Enugu,2020-03-30,2.0,0.5
Enugu,2020-04-06,0.0,0.5
Enugu,2020-04-13,0.0,0.5
Enugu,2020-04-20,0.0,0.5
Enugu,2020-04-27,0.0,0.0
Enugu,2020-05-04,5.0,1.25
Enugu,2020-05-11,1.0,1.5
Enugu,2020-05-18,4.0,2.5
Enugu,2020-05-25,2.0,3.0
Enugu,2020-06-01,0.0,1.75
Enugu,2020-06-08,12.0,4.5
Enugu,2020-06-15,17.0,7.75
Enugu,2020-06-22,66.0,23.75
Enugu,2020-06-29,86.0,45.25
Enugu,2020-07-06,75.0,61.0
Enugu,2020-07-13,50.0,69.25
Enugu,2020-07-20,105.0,79.0
Enugu,2020-07-27,41.0,67.75
Enugu,2020-08-03,61.0,64.25
Enugu,2020-08-10,68.0,68.75
Enugu,2020-08-17,74.0,61.0
Enugu,2020-08-24,28.0,57.75
Enugu,2020-08-31,83.0,63.25
Enugu,2020-09-07,22.0,51.75
Enugu,2020-09-14,48.0,45.25
Enugu,2020-09-21,53.0,51.5
Enugu,2020-09-28,4.0,31.75
Enugu,2020-10-05,0.0,26.25
Enugu,2020-10-12,20.0,19.25
Enugu,2020-10-19,4.0,7.0
Enugu,2020-10-26,1.0,6.25
Enugu,2020-11-02,0.0,6.25
Enugu,2020-11-09,18.0,5.75
Enugu,2020-11-16,0.0,4.75
Enugu,2020-11-23,0.0,4.5
Enugu,2020-11-30,0.0,4.5
Enugu,2020-12-07,0.0,0.0
Enugu,2020-12-14,22.0,5.5
Enugu,2020-12-21,13.0,8.75
Enugu,2020-12-28,6.0,10.25
Enugu,2021-01-04,18.0,14.75
Enugu,2021-01-11,31.0,17.0
Enugu,2021-01-18,109.0,41.0
Enugu,2021-01-25,98.0,64.0
Enugu,2021-02-01,67.0,76.25
Enugu,2021-02-08,71.0,86.25
Enugu,2021-02-15,95.0,82.75
Enugu,2021-02-22,16.0,62.25
Enugu,2021-03-01,37.0,54.75
Enugu,2021-03-08,153.0,75.25
Enugu,2021-03-15,0.0,51.5
Enugu,2021-03-22,0.0,47.5
Enugu,2021-03-29,16.0,42.25
Enugu,2021-04-05,18.0,8.5
Enugu,2021-04-12,26.0,15.0
Enugu,2021-04-19,0.0,15.0
Enugu,2021-04-26,53.0,24.25
Enugu,2021-05-03,43.0,30.5
Enugu,2021-05-10,27.0,30.75
Enugu,2021-05-17,22.0,36.25
Enugu,2021-05-24,0.0,23.0
Enugu,2021-05-31,11.0,15.0
Enugu,2021-06-07,0.0,8.25
Enugu,2021-06-14,0.0,2.75
Enugu,2021-06-21,0.0,2.75
Enugu,2021-06-28,0.0,0.0
Enugu,2021-07-05,0.0,0.0
Enugu,2021-07-12,18.0,4.5
Enugu,2021-07-19,0.0,4.5
Enugu,2021-07-26,8.0,6.5
Enugu,2021-08-02,0.0,6.5
Enugu,2021-08-09,0.0,2.0
Enugu,2021-08-16,48.0,14.0
Enugu,2021-08-23,2.0,12.5
Enugu,2021-08-30,18.0,17.0
Enugu,2021-09-06,4.0,18.0
Enugu,2021-09-13,66.0,22.5
Enugu,2021-09-20,0.0,22.0
Enugu,2021-09-27,7.0,19.25
Enugu,2021-10-04,0.0,18.25
Enugu,2021-10-11,0.0,1.75
Enugu,2021-10-18,0.0,1.75
Enugu,2021-10-25,68.0,17.0
Enugu,2021-11-01,6.0,18.5
Enugu,2021-11-08,15.0,22.25
Enugu,2021-11-15,0.0,22.25
Enugu,2021-11-22,12.0,8.25
Enugu,2021-11-29,2.0,7.25
Enugu,2021-12-06,4.0,4.5
Enugu,2021-12-13,21.0,9.75
Enugu,2021-12-20,23.0,12.5
Enugu,2021-12-27,23.0,17.75
Enugu,2022-01-03,11.0,19.5
Enugu,2022-01-10,26.0,20.75
Enugu,2022-01-17,13.0,18.25
Enugu,2022-01-24,0.0,12.5
Enugu,2022-01-31,0.0,9.75
Enugu,2022-02-07,0.0,3.25
Federal Capital Territory,2020-03-02,0.0,
Federal Capital Territory,2020-03-09,0.0,
Federal Capital Territory,2020-03-16,0.0,
Federal Capital Territory,2020-03-23,4.0,1.0
Federal Capital Territory,2020-03-30,5.0,2.25
Federal Capital Territory,2020-04-06,9.0,4.5
Federal Capital Territory,2020-04-13,5.0,5.75
Federal Capital Territory,2020-04-20,21.0,10.0
Federal Capital Territory,2020-04-27,57.0,23.0
Federal Capital Territory,2020-05-04,70.0,38.25
Federal Capital Territory,2020-05-11,26.0,43.5
Federal Capital Territory,2020-05-18,23.0,44.0
Federal Capital Territory,2020-05-25,42.0,40.25
Federal Capital Territory,2020-06-01,52.0,35.75
Federal Capital Territory,2020-06-08,104.0,55.25
Federal Capital Territory,2020-06-15,124.0,80.5
Federal Capital Territory,2020-06-22,72.0,88.0
Federal Capital Territory,2020-06-29,63.0,90.75
Federal Capital Territory,2020-07-06,144.0,100.75
Federal Capital Territory,2020-07-13,149.0,107.0
Federal Capital Territory,2020-07-20,166.0,130.5
Federal Capital Territory,2020-07-27,34.0,123.25
Federal Capital Territory,2020-08-03,98.0,111.75
Federal Capital Territory,2020-08-10,98.0,99.0
Federal Capital Territory,2020-08-17,70.0,75.0
Federal Capital Territory,2020-08-24,77.0,85.75
Federal Capital Territory,2020-08-31,48.0,73.25
Federal Capital Territory,2020-09-07,60.0,63.75
Federal Capital Territory,2020-09-14,56.0,60.25
Federal Capital Territory,2020-09-21,59.0,55.75
Federal Capital Territory,2020-09-28,46.0,55.25
Federal Capital Territory,2020-10-05,38.0,49.75
Federal Capital Territory,2020-10-12,53.0,49.0
Federal Capital Territory,2020-10-19,18.0,38.75
Federal Capital Territory,2020-10-26,40.0,37.25
Federal Capital Territory,2020-11-02,40.0,37.75
Federal Capital Territory,2020-11-09,67.0,41.25
Federal Capital Territory,2020-11-16,8.0,38.75
Federal Capital Territory,2020-11-23,60.0,43.75
Federal Capital Territory,2020-11-30,106.0,60.25
Federal Capital Territory,2020-12-07,210.0,96.0
Federal Capital Territory,2020-12-14,169.0,136.25
Federal Capital Territory,2020-12-21,415.0,225.0
Federal Capital Territory,2020-12-28,557.0,337.75
Federal Capital Territory,2021-01-04,306.0,361.75
Federal Capital Territory,2021-01-11,374.0,413.0
Federal Capital Territory,2021-01-18,234.0,367.75
Federal Capital Territory,2021-01-25,237.0,287.75
Federal Capital Territory,2021-02-01,463.0,327.0
Federal Capital Territory,2021-02-08,343.0,319.25
Federal Capital Territory,2021-02-15,254.0,324.25
Federal Capital Territory,2021-02-22,217.0,319.25
Federal Capital Territory,2021-03-01,47.0,215.25
Federal Capital Territory,2021-03-08,36.0,138.5
Federal Capital Territory,2021-03-15,32.0,83.0
Federal Capital Territory,2021-03-22,27.0,35.5
Federal Capital Territory,2021-03-29,21.0,29.0
Federal Capital Territory,2021-04-05,39.0,29.75
Federal Capital Territory,2021-04-12,39.0,31.5
Federal Capital Territory,2021-04-19,14.0,28.25
Federal Capital Territory,2021-04-26,14.0,26.5
Federal Capital Territory,2021-05-03,16.0,20.75
Federal Capital Territory,2021-05-10,37.0,20.25
Federal Capital Territory,2021-05-17,4.0,17.75
Federal Capital Territory,2021-05-24,10.0,16.75
Federal Capital Territory,2021-05-31,7.0,14.5
Federal Capital Territory,2021-06-07,3.0,6.0
Federal Capital Territory,2021-06-14,2.0,5.5
Federal Capital Territory,2021-06-21,4.0,4.0
Federal Capital Territory,2021-06-28,5.0,3.5
Federal Capital Territory,2021-07-05,10.0,5.25
Federal Capital Territory,2021-07-12,6.0,6.25
Federal Capital Territory,2021-07-19,6.0,6.75
Federal Capital Territory,2021-07-26,13.0,8.75
Federal Capital Territory,2021-08-02,21.0,11.5
Federal Capital Territory,2021-08-09,35.0,18.75
Federal Capital Territory,2021-08-16,83.0,38.0
Federal Capital Territory,2021-08-23,69.0,52.0
Federal Capital Territory,2021-08-30,41.0,57.0
Federal Capital Territory,2021-09-06,33.0,56.5
Federal Capital Territory,2021-09-13,44.0,46.75
Federal Capital Territory,2021-09-20,178.0,74.0
Federal Capital Territory,2021-09-27,171.0,106.5
Federal Capital Territory,2021-10-04,157.0,137.5
Federal Capital Territory,2021-10-11,184.0,172.5
Federal Capital Territory,2021-10-18,33.0,136.25
Federal Capital Territory,2021-10-25,105.0,119.75
Federal Capital Territory,2021-11-01,22.0,86.0
Federal Capital Territory,2021-11-08,38.0,49.5
Federal Capital Territory,2021-11-15,14.0,44.75
Federal Capital Territory,2021-11-22,35.0,27.25
Federal Capital Territory,2021-11-29,20.0,26.75
Federal Capital Territory,2021-12-06,38.0,26.75
Federal Capital Territory,2021-12-13,153.0,61.5
Federal Capital Territory,2021-12-20,313.0,131.0
Federal Capital Territory,2021-12-27,879.0,345.75
Federal Capital Territory,2022-01-03,183.0,382.0
Federal Capital Territory,2022-01-10,65.0,360.0
Federal Capital Territory,2022-01-17,70.0,299.25
Federal Capital Territory,2022-01-24,97.0,103.75
Federal Capital Territory,2022-01-31,7.0,59.75
Federal Capital Territory,2022-02-07,0.0,43.5
Gombe,2020-03-02,0.0,
Gombe,2020-03-09,0.0,
Gombe,2020-03-16,0.0,
Gombe,2020-03-23,0.0,0.0
Gombe,2020-03-30,0.0,0.0
Gombe,2020-04-06,0.0,0.0
Gombe,2020-04-13,0.0,0.0
Gombe,2020-04-20,5.0,1.25
Gombe,2020-04-27,26.0,7.75
Gombe,2020-05-04,20.0,12.75
Gombe,2020-05-11,12.0,15.75
Gombe,2020-05-18,13.0,17.75
Gombe,2020-05-25,11.0,14.0
Gombe,2020-06-01,5.0,10.25
Gombe,2020-06-08,21.0,12.5
Gombe,2020-06-15,106.0,35.75
Gombe,2020-06-22,30.0,40.5
Gombe,2020-06-29,19.0,44.0
Gombe,2020-07-06,11.0,41.5
Gombe,2020-07-13,9.0,17.25
Gombe,2020-07-20,15.0,13.5
Gombe,2020-07-27,13.0,12.0
Gombe,2020-08-03,38.0,18.75
Gombe,2020-08-10,6.0,18.0
Gombe,2020-08-17,45.0,25.5
Gombe,2020-08-24,28.0,29.25
Gombe,2020-08-31,6.0,21.25
Gombe,2020-09-07,21.0,25.0
Gombe,2020-09-14,29.0,21.0
Gombe,2020-09-21,66.0,30.5
Gombe,2020-09-28,25.0,35.25
Gombe,2020-10-05,19.0,34.75
Gombe,2020-10-12,0.0,27.5
Gombe,2020-10-19,0.0,11.0
Gombe,2020-10-26,0.0,4.75
Gombe,2020-11-02,54.0,13.5
Gombe,2020-11-09,1.0,13.75
Gombe,2020-11-16,0.0,13.75
Gombe,2020-11-23,0.0,13.75
Gombe,2020-11-30,0.0,0.25
Gombe,2020-12-07,89.0,22.25
Gombe,2020-12-14,26.0,28.75
Gombe,2020-12-21,101.0,54.0
Gombe,2020-12-28,80.0,74.0
Gombe,2021-01-04,66.0,68.25
Gombe,2021-01-11,118.0,91.25
Gombe,2021-01-18,34.0,74.5
Gombe,2021-01-25,38.0,64.0
Gombe,2021-02-01,55.0,61.25
Gombe,2021-02-08,128.0,63.75
Gombe,2021-02-15,139.0,90.0
Gombe,2021-02-22,34.0,89.0
Gombe,2021-03-01,15.0,79.0
Gombe,2021-03-08,5.0,48.25
Gombe,2021-03-15,11.0,16.25
Gombe,2021-03-22,1.0,8.0
Gombe,2021-03-29,5.0,5.5
Gombe,2021-04-05,3.0,5.0
Gombe,2021-04-12,1.0,2.5
Gombe,2021-04-19,0.0,2.25
Gombe,2021-04-26,0.0,1.0
Gombe,2021-05-03,0.0,0.25
Gombe,2021-05-10,1.0,0.25
Gombe,2021-05-17,0.0,0.25
Gombe,2021-05-24,11.0,3.0
Gombe,2021-05-31,5.0,4.25
Gombe,2021-06-07,4.0,5.0
Gombe,2021-06-14,8.0,7.0
Gombe,2021-06-21,4.0,5.25
Gombe,2021-06-28,2.0,4.5
Gombe,2021-07-05,16.0,7.5
Gombe,2021-07-12,5.0,6.75
Gombe,2021-07-19,7.0,7.5
Gombe,2021-07-26,5.0,8.25
Gombe,2021-08-02,42.0,14.75
Gombe,2021-08-09,3.0,14.25
Gombe,2021-08-16,4.0,13.5
Gombe,2021-08-23,40.0,22.25
Gombe,2021-08-30,3.0,12.5
Gombe,2021-09-06,33.0,20.0
Gombe,2021-09-13,54.0,32.5
Gombe,2021-09-20,7.0,24.25
Gombe,2021-09-27,27.0,30.25
Gombe,2021-10-04,61.0,37.25
Gombe,2021-10-11,32.0,31.75
Gombe,2021-10-18,35.0,38.75
Gombe,2021-10-25,14.0,35.5
Gombe,2021-11-01,13.0,23.5
Gombe,2021-11-08,115.0,44.25
Gombe,2021-11-15,1.0,35.75
Gombe,2021-11-22,19.0,37.0
Gombe,2021-11-29,1.0,34.0
Gombe,2021-12-06,25.0,11.5
Gombe,2021-12-13,2.0,11.75
Gombe,2021-12-20,3.0,7.75
Gombe,2021-12-27,14.0,11.0
Gombe,2022-01-03,61.0,20.0
Gombe,2022-01-10,82.0,40.0
Gombe,2022-01-17,50.0,51.75
Gombe,2022-01-24,133.0,81.5
Gombe,2022-01-31,44.0,77.25
Gombe,2022-02-07,0.0,56.75
Imo,2020-03-02,0.0,
Imo,2020-03-09,0.0,
Imo,2020-03-16,0.0,
Imo,2020-03-23,0.0,0.0
Imo,2020-03-30,0.0,0.0
Imo,2020-04-06,0.0,0.0
Imo,2020-04-13,0.0,0.0
Imo,2020-04-20,0.0,0.0
Imo,2020-04-27,1.0,0.25
Imo,2020-05-04,1.0,0.5
Imo,2020-05-11,1.0,0.75
Imo,2020-05-18,4.0,1.75
Imo,2020-05-25,26.0,8.0
Imo,2020-06-01,4.0,8.75
Imo,2020-06-08,20.0,13.5
Imo,2020-06-15,67.0,29.25
Imo,2020-06-22,98.0,47.25
Imo,2020-06-29,27.0,53.0
Imo,2020-07-06,6.0,49.5
Imo,2020-07-13,44.0,43.75
Imo,2020-07-20,16.0,23.25
Imo,2020-07-27,11.0,19.25
Imo,2020-08-03,3.0,18.5
Imo,2020-08-10,10.0,10.0
Imo,2020-08-17,24.0,12.0
Imo,2020-08-24,13.0,12.5
Imo,2020-08-31,4.0,12.75
Imo,2020-09-07,5.0,11.5
Imo,2020-09-14,8.0,7.5
Imo,2020-09-21,12.0,7.25
Imo,2020-09-28,5.0,7.5
Imo,2020-10-05,8.0,8.25
Imo,2020-10-12,8.0,8.25
Imo,2020-10-19,16.0,9.25
Imo,2020-10-26,1.0,8.25
Imo,2020-11-02,3.0,7.0
Imo,2020-11-09,5.0,6.25
Imo,2020-11-16,26.0,8.75
Imo,2020-11-23,14.0,12.0
Imo,2020-11-30,0.0,11.25
Imo,2020-12-07,19.0,14.75
Imo,2020-12-14,7.0,10.0
Imo,2020-12-21,46.0,18.0
Imo,2020-12-28,14.0,21.5
Imo,2021-01-04,21.0,22.0
Imo,2021-01-11,23.0,26.0
Imo,2021-01-18,40.0,24.5
Imo,2021-01-25,132.0,54.0
Imo,2021-02-01,99.0,73.5
Imo,2021-02-08,66.0,84.25
Imo,2021-02-15,120.0,104.25
Imo,2021-02-22,57.0,85.5
Imo,2021-03-01,57.0,75.0
Imo,2021-03-08,72.0,76.5
Imo,2021-03-15,45.0,57.75
Imo,2021-03-22,20.0,48.5
Imo,2021-03-29,3.0,35.0
Imo,2021-04-05,13.0,20.25
Imo,2021-04-12,0.0,9.0
Imo,2021-04-19,0.0,4.0
Imo,2021-04-26,2.0,3.75
Imo,2021-05-03,0.0,0.5
Imo,2021-05-10,0.0,0.5
Imo,2021-05-17,0.0,0.5
Imo,2021-05-24,0.0,0.0
Imo,2021-05-31,2.0,0.5
Imo,2021-06-07,4.0,1.5
Imo,2021-06-14,0.0,1.5
Imo,2021-06-21,0.0,1.5
Imo,2021-06-28,0.0,1.0
Imo,2021-07-05,0.0,0.0
Imo,2021-07-12,0.0,0.0
Imo,2021-07-19,0.0,0.0
Imo,2021-07-26,2.0,0.5
Imo,2021-08-02,17.0,4.75
Imo,2021-08-09,0.0,4.75
Imo,2021-08-16,3.0,5.5
Imo,2021-08-23,6.0,6.5
Imo,2021-08-30,11.0,5.0
Imo,2021-09-06,11.0,7.75
Imo,2021-09-13,63.0,22.75
Imo,2021-09-20,16.0,25.25
Imo,2021-09-27,127.0,54.25
Imo,2021-10-04,33.0,59.75
Imo,2021-10-11,14.0,47.5
Imo,2021-10-18,21.0,48.75
Imo,2021-10-25,33.0,25.25
Imo,2021-11-01,25.0,23.25
Imo,2021-11-08,53.0,33.0
Imo,2021-11-15,5.0,29.0
Imo,2021-11-22,38.0,30.25
Imo,2021-11-29,27.0,30.75
Imo,2021-12-06,15.0,21.25
Imo,2021-12-13,49.0,32.25
Imo,2021-12-20,20.0,27.75
Imo,2021-12-27,25.0,27.25
Imo,2022-01-03,25.0,29.75
Imo,2022-01-10,0.0,17.5
Imo,2022-01-17,64.0,28.5
Imo,2022-01-24,23.0,28.0
Imo,2022-01-31,16.0,25.75
Imo,2022-02-07,0.0,25.75
Jigawa,2020-03-02,0.0,
Jigawa,2020-03-09,0.0,
Jigawa,2020-03-16,0.0,
Jigawa,2020-03-23,0.0,0.0
Jigawa,2020-03-30,0.0,0.0
Jigawa,2020-04-06,0.0,0.0
Jigawa,2020-04-13,0.0,0.0
Jigawa,2020-04-20,2.0,0.5
Jigawa,2020-04-27,0.0,0.5
Jigawa,2020-05-04,37.0,9.75
Jigawa,2020-05-11,79.0,29.5
Jigawa,2020-05-18,35.0,37.75
Jigawa,2020-05-25,16.0,41.75
Jigawa,2020-06-01,24.0,38.5
Jigawa,2020-06-08,12.0,21.75
Jigawa,2020-06-15,34.0,21.5
Jigawa,2020-06-22,0.0,17.5
Jigawa,2020-06-29,0.0,11.5
Jigawa,2020-07-06,1.0,8.75
Jigawa,2020-07-13,3.0,1.0
Jigawa,2020-07-20,1.0,1.25
Jigawa,2020-07-27,0.0,1.25
Jigawa,2020-08-03,0.0,1.0
Jigawa,2020-08-10,0.0,0.25
Jigawa,2020-08-17,0.0,0.0
Jigawa,2020-08-24,0.0,0.0
Jigawa,2020-08-31,0.0,0.0
Jigawa,2020-09-07,0.0,0.0
Jigawa,2020-09-14,0.0,0.0
Jigawa,2020-09-21,0.0,0.0
Jigawa,2020-09-28,3.0,0.75
Jigawa,2020-10-05,0.0,0.75
Jigawa,2020-10-12,0.0,0.75
Jigawa,2020-10-19,0.0,0.75
Jigawa,2020-10-26,0.0,0.0
Jigawa,2020-11-02,0.0,0.0
Jigawa,2020-11-09,0.0,0.0
Jigawa,2020-11-16,0.0,0.0
Jigawa,2020-11-23,3.0,0.75
Jigawa,2020-11-30,3.0,1.5
Jigawa,2020-12-07,5.0,2.75
Jigawa,2020-12-14,4.0,3.75
Jigawa,2020-12-21,42.0,13.5
Jigawa,2020-12-28,8.0,14.75
Jigawa,2021-01-04,9.0,15.75
Jigawa,2021-01-11,7.0,16.5
Jigawa,2021-01-18,2.0,6.5
Jigawa,2021-01-25,16.0,8.5
Jigawa,2021-02-01,10.0,8.75
Jigawa,2021-02-08,24.0,13.0
Jigawa,2021-02-15,4.0,13.5
Jigawa,2021-02-22,6.0,11.0
Jigawa,2021-03-01,0.0,8.5
Jigawa,2021-03-08,0.0,2.5
Jigawa,2021-03-15,5.0,2.75
Jigawa,2021-03-22,10.0,3.75
Jigawa,2021-03-29,6.0,5.25
Jigawa,2021-04-05,5.0,6.5
Jigawa,2021-04-12,1.0,5.5
Jigawa,2021-04-19,0.0,3.0
Jigawa,2021-04-26,0.0,1.5
Jigawa,2021-05-03,1.0,0.5
Jigawa,2021-05-10,0.0,0.25
Jigawa,2021-05-17,0.0,0.25
Jigawa,2021-05-24,3.0,1.0
Jigawa,2021-05-31,1.0,1.0
Jigawa,2021-06-07,0.0,1.0
Jigawa,2021-06-14,0.0,1.0
Jigawa,2021-06-21,1.0,0.5
Jigawa,2021-06-28,0.0,0.25
Jigawa,2021-07-05,1.0,0.5
Jigawa,2021-07-12,2.0,1.0
Jigawa,2021-07-19,0.0,0.75
Jigawa,2021-07-26,2.0,1.25
Jigawa,2021-08-02,14.0,4.5
Jigawa,2021-08-09,0.0,4.0
Jigawa,2021-08-16,0.0,4.0
Jigawa,2021-08-23,0.0,3.5
Jigawa,2021-08-30,0.0,0.0
Jigawa,2021-09-06,5.0,1.25
Jigawa,2021-09-13,0.0,1.25
Jigawa,2021-09-20,0.0,1.25
Jigawa,2021-09-27,5.0,2.5
Jigawa,2021-10-04,1.0,1.5
Jigawa,2021-10-11,11.0,4.25
Jigawa,2021-10-18,4.0,5.25
Jigawa,2021-10-25,1.0,4.25
Jigawa,2021-11-01,5.0,5.25
Jigawa,2021-11-08,2.0,3.0
Jigawa,2021-11-15,4.0,3.0
Jigawa,2021-11-22,0.0,2.75
Jigawa,2021-11-29,6.0,3.0
Jigawa,2021-12-06,0.0,2.5
Jigawa,2021-12-13,1.0,1.75
Jigawa,2021-12-20,0.0,1.75
Jigawa,2021-12-27,7.0,2.0
Jigawa,2022-01-03,5.0,3.25
Jigawa,2022-01-10,7.0,4.75
Jigawa,2022-01-17,9.0,7.0
Jigawa,2022-01-24,1.0,5.5
Jigawa,2022-01-31,3.0,5.0
Jigawa,2022-02-07,0.0,3.25
Kaduna,2020-03-02,0.0,
Kaduna,2020-03-09,0.0,
Kaduna,2020-03-16,0.0,
Kaduna,2020-03-23,0.0,0.0
Kaduna,2020-03-30,3.0,0.75
Kaduna,2020-04-06,2.0,1.25
Kaduna,2020-04-13,1.0,1.5
Kaduna,2020-04-20,3.0,2.25
Kaduna,2020-04-27,6.0,3.0
Kaduna,2020-05-04,48.0,14.5
Kaduna,2020-05-11,22.0,19.75
Kaduna,2020-05-18,23.0,24.75
Kaduna,2020-05-25,22.0,28.75
Kaduna,2020-06-01,43.0,27.5
Kaduna,2020-06-08,41.0,32.25
Kaduna,2020-06-15,26.0,33.0
Kaduna,2020-06-22,45.0,38.75
Kaduna,2020-06-29,39.0,37.75
Kaduna,2020-07-06,48.0,39.5
Kaduna,2020-07-13,61.0,48.25
Kaduna,2020-07-20,31.0,44.75
Kaduna,2020-07-27,81.0,55.25
Kaduna,2020-08-03,74.0,61.75
Kaduna,2020-08-10,39.0,56.25
Kaduna,2020-08-17,72.0,66.5
Kaduna,2020-08-24,75.0,65.0
Kaduna,2020-08-31,35.0,55.25
Kaduna,2020-09-07,14.0,49.0
Kaduna,2020-09-14,32.0,39.0
Kaduna,2020-09-21,45.0,31.5
Kaduna,2020-09-28,16.0,26.75
Kaduna,2020-10-05,21.0,28.5
Kaduna,2020-10-12,41.0,30.75
Kaduna,2020-10-19,17.0,23.75
Kaduna,2020-10-26,39.0,29.5
Kaduna,2020-11-02,8.0,26.25
Kaduna,2020-11-09,30.0,23.5
Kaduna,2020-11-16,30.0,26.75
Kaduna,2020-11-23,34.0,25.5
Kaduna,2020-11-30,112.0,51.5
Kaduna,2020-12-07,75.0,62.75
Kaduna,2020-12-14,160.0,95.25
Kaduna,2020-12-21,259.0,151.5
Kaduna,2020-12-28,94.0,147.0
Kaduna,2021-01-04,207.0,180.0
Kaduna,2021-01-11,29.0,147.25
Kaduna,2021-01-18,278.0,152.0
Kaduna,2021-01-25,481.0,248.75
Kaduna,2021-02-01,72.0,215.0
Kaduna,2021-02-08,86.0,229.25
Kaduna,2021-02-15,91.0,182.5
Kaduna,2021-02-22,145.0,98.5
Kaduna,2021-03-01,80.0,100.5
Kaduna,2021-03-08,61.0,94.25
Kaduna,2021-03-15,19.0,76.25
Kaduna,2021-03-22,19.0,44.75
Kaduna,2021-03-29,13.0,28.0
Kaduna,2021-04-05,14.0,16.25
Kaduna,2021-04-12,9.0,13.75
Kaduna,2021-04-19,30.0,16.5
Kaduna,2021-04-26,8.0,15.25
Kaduna,2021-05-03,6.0,13.25
Kaduna,2021-05-10,2.0,11.5
Kaduna,2021-05-17,3.0,4.75
Kaduna,2021-05-24,2.0,3.25
Kaduna,2021-05-31,8.0,3.75
Kaduna,2021-06-07,5.0,4.5
Kaduna,2021-06-14,4.0,4.75
Kaduna,2021-06-21,0.0,4.25
Kaduna,2021-06-28,3.0,3.0
Kaduna,2021-07-05,6.0,3.25
Kaduna,2021-07-12,1.0,2.5
Kaduna,2021-07-19,0.0,2.5
Kaduna,2021-07-26,2.0,2.25
Kaduna,2021-08-02,23.0,6.5
Kaduna,2021-08-09,17.0,10.5
Kaduna,2021-08-16,5.0,11.75
Kaduna,2021-08-23,6.0,12.75
Kaduna,2021-08-30,15.0,10.75
Kaduna,2021-09-06,32.0,14.5
Kaduna,2021-09-13,28.0,20.25
Kaduna,2021-09-20,42.0,29.25
Kaduna,2021-09-27,111.0,53.25
Kaduna,2021-10-04,62.0,60.75
Kaduna,2021-10-11,89.0,76.0
Kaduna,2021-10-18,61.0,80.75
Kaduna,2021-10-25,73.0,71.25
Kaduna,2021-11-01,18.0,60.25
Kaduna,2021-11-08,56.0,52.0
Kaduna,2021-11-15,38.0,46.25
Kaduna,2021-11-22,9.0,30.25
Kaduna,2021-11-29,22.0,31.25
Kaduna,2021-12-06,7.0,19.0
Kaduna,2021-12-13,13.0,12.75
Kaduna,2021-12-20,66.0,27.0
Kaduna,2021-12-27,69.0,38.75
Kaduna,2022-01-03,302.0,112.5
Kaduna,2022-01-10,186.0,155.75
Kaduna,2022-01-17,17.0,143.5
Kaduna,2022-01-24,16.0,130.25
Kaduna,2022-01-31,28.0,61.75
Kaduna,2022-02-07,0.0,15.25
Kano,2020-03-02,0.0,
Kano,2020-03-09,0.0,
Kano,2020-03-16,0.0,
Kano,2020-03-23,0.0,0.0
Kano,2020-03-30,0.0,0.0
Kano,2020-04-06,0.0,0.0
Kano,2020-04-13,3.0,0.75
Kano,2020-04-20,38.0,10.25
Kano,2020-04-27,4.0,11.25
Kano,2020-05-04,133.0,44.5
Kano,2020-05-11,82.0,64.25
Kano,2020-05-18,96.0,78.75
Kano,2020-05-25,51.0,90.5
Kano,2020-06-01,16.0,61.25
Kano,2020-06-08,28.0,47.75
Kano,2020-06-15,74.0,42.25
Kano,2020-06-22,16.0,33.5
Kano,2020-06-29,12.0,32.5
Kano,2020-07-06,43.0,36.25
Kano,2020-07-13,26.0,24.25
Kano,2020-07-20,66.0,36.75
Kano,2020-07-27,68.0,50.75
Kano,2020-08-03,28.0,47.0
Kano,2020-08-10,25.0,46.75
Kano,2020-08-17,17.0,34.5
Kano,2020-08-24,21.0,22.75
Kano,2020-08-31,12.0,18.75
Kano,2020-09-07,1.0,12.75
Kano,2020-09-14,4.0,9.5
Kano,2020-09-21,2.0,4.75
Kano,2020-09-28,3.0,2.5
Kano,2020-10-05,1.0,2.5
Kano,2020-10-12,2.0,2.0
Kano,2020-10-19,1.0,1.75
Kano,2020-10-26,1.0,1.25
Kano,2020-11-02,4.0,2.0
Kano,2020-11-09,5.0,2.75
Kano,2020-11-16,5.0,3.75
Kano,2020-11-23,7.0,5.25
Kano,2020-11-30,8.0,6.25
Kano,2020-12-07,17.0,9.25
Kano,2020-12-14,47.0,19.75
Kano,2020-12-21,64.0,34.0
Kano,2020-12-28,48.0,44.0
Kano,2021-01-04,59.0,54.5
Kano,2021-01-11,30.0,50.25
Kano,2021-01-18,56.0,48.25
Kano,2021-01-25,44.0,47.25
Kano,2021-02-01,28.0,39.5
Kano,2021-02-08,181.0,77.25
Kano,2021-02-15,66.0,79.75
Kano,2021-02-22,30.0,76.25
Kano,2021-03-01,21.0,74.5
Kano,2021-03-08,24.0,35.25
Kano,2021-03-15,9.0,21.0
Kano,2021-03-22,13.0,16.75
Kano,2021-03-29,11.0,14.25
Kano,2021-04-05,2.0,8.75
Kano,2021-04-12,10.0,9.0
Kano,2021-04-19,6.0,7.25
Kano,2021-04-26,7.0,6.25
Kano,2021-05-03,6.0,7.25
Kano,2021-05-10,6.0,6.25
Kano,2021-05-17,0.0,4.75
Kano,2021-05-24,14.0,6.5
Kano,2021-05-31,0.0,5.0
Kano,2021-06-07,11.0,6.25
Kano,2021-06-14,2.0,6.75
Kano,2021-06-21,0.0,3.25
Kano,2021-06-28,3.0,4.0
Kano,2021-07-05,1.0,1.5
Kano,2021-07-12,1.0,1.25
Kano,2021-07-19,0.0,1.25
Kano,2021-07-26,2.0,1.0
Kano,2021-08-02,13.0,4.0
Kano,2021-08-09,1.0,4.0
Kano,2021-08-16,4.0,5.0
Kano,2021-08-23,1.0,4.75
Kano,2021-08-30,7.0,3.25
Kano,2021-09-06,35.0,11.75
Kano,2021-09-13,19.0,15.5
Kano,2021-09-20,15.0,19.0
Kano,2021-09-27,19.0,22.0
Kano,2021-10-04,4.0,14.25
Kano,2021-10-11,26.0,16.0
Kano,2021-10-18,14.0,15.75
Kano,2021-10-25,31.0,18.75
Kano,2021-11-01,13.0,21.0
Kano,2021-11-08,16.0,18.5
Kano,2021-11-15,8.0,17.0
Kano,2021-11-22,12.0,12.25
Kano,2021-11-29,3.0,9.75
Kano,2021-12-06,7.0,7.5
Kano,2021-12-13,7.0,7.25
Kano,2021-12-20,25.0,10.5
Kano,2021-12-27,63.0,25.5
Kano,2022-01-03,49.0,36.0
Kano,2022-01-10,57.0,48.5
Kano,2022-01-17,12.0,45.25
Kano,2022-01-24,12.0,32.5
Kano,2022-01-31,1.0,20.5
Kano,2022-02-07,0.0,6.25
Katsina,2020-03-02,0.0,
Katsina,2020-03-09,0.0,
Katsina,2020-03-16,0.0,
Katsina,2020-03-23,0.0,0.0
Katsina,2020-03-30,0.0,0.0
Katsina,2020-04-06,0.0,0.0
Katsina,2020-04-13,5.0,1.25
Katsina,2020-04-20,7.0,3.0
Katsina,2020-04-27,14.0,6.5
Katsina,2020-05-04,45.0,17.75
Katsina,2020-05-11,77.0,35.75
Katsina,2020-05-18,61.0,49.25
Katsina,2020-05-25,49.0,58.0
Katsina,2020-06-01,36.0,55.75
Katsina,2020-06-08,22.0,42.0
Katsina,2020-06-15,15.0,30.5
Katsina,2020-06-22,20.0,23.25
Katsina,2020-06-29,90.0,36.75
Katsina,2020-07-06,45.0,42.5
Katsina,2020-07-13,32.0,46.75
Katsina,2020-07-20,28.0,48.75
Katsina,2020-07-27,13.0,29.5
Katsina,2020-08-03,13.0,21.5
Katsina,2020-08-10,0.0,13.5
Katsina,2020-08-17,0.0,6.5
Katsina,2020-08-24,17.0,7.5
Katsina,2020-08-31,25.0,10.5
Katsina,2020-09-07,20.0,15.5
Katsina,2020-09-14,10.0,18.0
Katsina,2020-09-21,4.0,14.75
Katsina,2020-09-28,9.0,10.75
Katsina,2020-10-05,13.0,9.0
Katsina,2020-10-12,1.0,6.75
Katsina,2020-10-19,8.0,7.75
Katsina,2020-10-26,48.0,17.5
Katsina,2020-11-02,1.0,14.5
Katsina,2020-11-09,0.0,14.25
Katsina,2020-11-16,6.0,13.75
Katsina,2020-11-23,40.0,11.75
Katsina,2020-11-30,18.0,16.0
Katsina,2020-12-07,20.0,21.0
Katsina,2020-12-14,92.0,42.5
Katsina,2020-12-21,107.0,59.25
Katsina,2020-12-28,79.0,74.5
Katsina,2021-01-04,38.0,79.0
Katsina,2021-01-11,47.0,67.75
Katsina,2021-01-18,34.0,49.5
Katsina,2021-01-25,55.0,43.5
Katsina,2021-02-01,44.0,45.0
Katsina,2021-02-08,37.0,42.5
Katsina,2021-02-15,94.0,57.5
Katsina,2021-02-22,11.0,46.5
Katsina,2021-03-01,1.0,35.75
Katsina,2021-03-08,30.0,34.0
Katsina,2021-03-15,13.0,13.75
Katsina,2021-03-22,9.0,13.25
Katsina,2021-03-29,1.0,13.25
Katsina,2021-04-05,14.0,9.25
Katsina,2021-04-12,0.0,6.0
Katsina,2021-04-19,0.0,3.75
Katsina,2021-04-26,0.0,3.5
Katsina,2021-05-03,0.0,0.0
Katsina,2021-05-10,0.0,0.0
Katsina,2021-05-17,0.0,0.0
Katsina,2021-05-24,6.0,1.5
Katsina,2021-05-31,0.0,1.5
Katsina,2021-06-07,0.0,1.5
Katsina,2021-06-14,7.0,3.25
Katsina,2021-06-21,0.0,1.75
Katsina,2021-06-28,0.0,1.75
Katsina,2021-07-05,0.0,1.75
Katsina,2021-07-12,0.0,0.0
Katsina,2021-07-19,2.0,0.5
Katsina,2021-07-26,2.0,1.0
Katsina,2021-08-02,47.0,12.75
Katsina,2021-08-09,3.0,13.5
Katsina,2021-08-16,0.0,13.0
Katsina,2021-08-23,0.0,12.5
Katsina,2021-08-30,0.0,0.75
Katsina,2021-09-06,24.0,6.0
Katsina,2021-09-13,0.0,6.0
Katsina,2021-09-20,0.0,6.0
Katsina,2021-09-27,6.0,7.5
Katsina,2021-10-04,0.0,1.5
Katsina,2021-10-11,0.0,1.5
Katsina,2021-10-18,6.0,3.0
Katsina,2021-10-25,0.0,1.5
Katsina,2021-11-01,0.0,1.5
Katsina,2021-11-08,0.0,1.5
Katsina,2021-11-15,87.0,21.75
Katsina,2021-11-22,1.0,22.0
Katsina,2021-11-29,38.0,31.5
Katsina,2021-12-06,0.0,31.5
Katsina,2021-12-13,4.0,10.75
Katsina,2021-12-20,7.0,12.25
Katsina,2021-12-27,10.0,5.25
Katsina,2022-01-03,10.0,7.75
Katsina,2022-01-10,0.0,6.75
Katsina,2022-01-17,12.0,8.0
Katsina,2022-01-24,0.0,5.5
Katsina,2022-01-31,0.0,3.0
Katsina,2022-02-07,0.0,3.0
Kebbi,2020-03-02,0.0,
Kebbi,2020-03-09,0.0,
Kebbi,2020-03-16,0.0,
Kebbi,2020-03-23,0.0,0.0
Kebbi,2020-03-30,0.0,0.0
Kebbi,2020-04-06,0.0,0.0
Kebbi,2020-04-13,0.0,0.0
Kebbi,2020-04-20,0.0,0.0
Kebbi,2020-04-27,1.0,0.25
Kebbi,2020-05-04,11.0,3.0
Kebbi,2020-05-11,9.0,5.25
Kebbi,2020-05-18,5.0,6.5
Kebbi,2020-05-25,0.0,6.25
Kebbi,2020-06-01,1.0,3.75
Kebbi,2020-06-08,2.0,2.0
Kebbi,2020-06-15,15.0,4.5
Kebbi,2020-06-22,1.0,4.75
Kebbi,2020-06-29,9.0,6.75
Kebbi,2020-07-06,6.0,7.75
Kebbi,2020-07-13,3.0,4.75
Kebbi,2020-07-20,2.0,5.0
Kebbi,2020-07-27,0.0,2.75
Kebbi,2020-08-03,0.0,1.25
Kebbi,2020-08-10,0.0,0.5
Kebbi,2020-08-17,0.0,0.0
Kebbi,2020-08-24,2.0,0.5
Kebbi,2020-08-31,1.0,0.75
Kebbi,2020-09-07,0.0,0.75
Kebbi,2020-09-14,0.0,0.75
Kebbi,2020-09-21,0.0,0.25
Kebbi,2020-09-28,0.0,0.0
Kebbi,2020-10-05,0.0,0.0
Kebbi,2020-10-12,0.0,0.0
Kebbi,2020-10-19,0.0,0.0
Kebbi,2020-10-26,0.0,0.0
Kebbi,2020-11-02,0.0,0.0
Kebbi,2020-11-09,0.0,0.0
Kebbi,2020-11-16,0.0,0.0
Kebbi,2020-11-23,0.0,0.0
Kebbi,2020-11-30,0.0,0.0
Kebbi,2020-12-07,0.0,0.0
Kebbi,2020-12-14,45.0,11.25
Kebbi,2020-12-21,17.0,15.5
Kebbi,2020-12-28,18.0,20.0
Kebbi,2021-01-04,19.0,24.75
Kebbi,2021-01-11,23.0,19.25
Kebbi,2021-01-18,25.0,21.25
Kebbi,2021-01-25,16.0,20.75
Kebbi,2021-02-01,3.0,16.75
Kebbi,2021-02-08,6.0,12.5
Kebbi,2021-02-15,30.0,13.75
Kebbi,2021-02-22,31.0,17.5
Kebbi,2021-03-01,12.0,19.75
Kebbi,2021-03-08,22.0,23.75
Kebbi,2021-03-15,15.0,20.0
Kebbi,2021-03-22,15.0,16.0
Kebbi,2021-03-29,0.0,13.0
Kebbi,2021-04-05,8.0,9.5
Kebbi,2021-04-12,0.0,5.75
Kebbi,2021-04-19,0.0,2.0
Kebbi,2021-04-26,0.0,2.0
Kebbi,2021-05-03,0.0,0.0
Kebbi,2021-05-10,0.0,0.0
Kebbi,2021-05-17,0.0,0.0
Kebbi,2021-05-24,0.0,0.0
Kebbi,2021-05-31,0.0,0.0
Kebbi,2021-06-07,0.0,0.0
Kebbi,2021-06-14,0.0,0.0
Kebbi,2021-06-21,0.0,0.0
Kebbi,2021-06-28,0.0,0.0
Kebbi,2021-07-05,0.0,0.0
Kebbi,2021-07-12,0.0,0.0
Kebbi,2021-07-19,0.0,0.0
Kebbi,2021-07-26,0.0,0.0
Kebbi,2021-08-02,0.0,0.0
Kebbi,2021-08-09,0.0,0.0
Kebbi,2021-08-16,0.0,0.0
Kebbi,2021-08-23,0.0,0.0
Kebbi,2021-08-30,8.0,2.0
Kebbi,2021-09-06,0.0,2.0
Kebbi,2021-09-13,0.0,2.0
Kebbi,2021-09-20,0.0,2.0
Kebbi,2021-09-27,0.0,0.0
Kebbi,2021-10-04,0.0,0.0
Kebbi,2021-10-11,0.0,0.0
Kebbi,2021-10-18,0.0,0.0
Kebbi,2021-10-25,0.0,0.0
Kebbi,2021-11-01,6.0,1.5
Kebbi,2021-11-08,0.0,1.5
Kebbi,2021-11-15,0.0,1.5
Kebbi,2021-11-22,6.0,3.0
Kebbi,2021-11-29,0.0,1.5
Kebbi,2021-12-06,0.0,1.5
Kebbi,2021-12-13,0.0,1.5
Kebbi,2021-12-20,0.0,0.0
Kebbi,2021-12-27,0.0,0.0
Kebbi,2022-01-03,8.0,2.0
Kebbi,2022-01-10,0.0,2.0
Kebbi,2022-01-17,0.0,2.0
Kebbi,2022-01-24,2.0,2.5
Kebbi,2022-01-31,0.0,0.5
Kebbi,2022-02-07,0.0,0.5
Kogi,2020-03-02,0.0,
Kogi,2020-03-09,0.0,
Kogi,2020-03-16,0.0,
Kogi,2020-03-23,0.0,0.0
Kogi,2020-03-30,0.0,0.0
Kogi,2020-04-06,0.0,0.0
Kogi,2020-04-13,0.0,0.0
Kogi,2020-04-20,0.0,0.0
Kogi,2020-04-27,0.0,0.0
Kogi,2020-05-04,0.0,0.0
Kogi,2020-05-11,0.0,0.0
Kogi,2020-05-18,0.0,0.0
Kogi,2020-05-25,0.0,0.0
Kogi,2020-06-01,2.0,0.5
Kogi,2020-06-08,1.0,0.75
Kogi,2020-06-15,0.0,0.75
Kogi,2020-06-22,0.0,0.75
Kogi,2020-06-29,1.0,0.5
Kogi,2020-07-06,1.0,0.5
Kogi,2020-07-13,0.0,0.5
Kogi,2020-07-20,0.0,0.5
Kogi,2020-07-27,0.0,0.25
Kogi,2020-08-03,0.0,0.0
Kogi,2020-08-10,0.0,0.0
Kogi,2020-08-17,0.0,0.0
Kogi,2020-08-24,0.0,0.0
Kogi,2020-08-31,0.0,0.0
Kogi,2020-09-07,0.0,0.0
Kogi,2020-09-14,0.0,0.0
Kogi,2020-09-21,0.0,0.0
Kogi,2020-09-28,0.0,0.0
Kogi,2020-10-05,0.0,0.0
Kogi,2020-10-12,0.0,0.0
Kogi,2020-10-19,0.0,0.0
Kogi,2020-10-26,0.0,0.0
Kogi,2020-11-02,0.0,0.0
Kogi,2020-11-09,0.0,0.0
Kogi,2020-11-16,0.0,0.0
Kogi,2020-11-23,0.0,0.0
Kogi,2020-11-30,0.0,0.0
Kogi,2020-12-07,0.0,0.0
Kogi,2020-12-14,0.0,0.0
Kogi,2020-12-21,0.0,0.0
Kogi,2020-12-28,0.0,0.0
Kogi,2021-01-04,0.0,0.0
Kogi,2021-01-11,0.0,0.0
Kogi,2021-01-18,0.0,0.0
Kogi,2021-01-25,0.0,0.0
Kogi,2021-02-01,0.0,0.0
Kogi,2021-02-08,0.0,0.0
Kogi,2021-02-15,0.0,0.0
Kogi,2021-02-22,0.0,0.0
Kogi,2021-03-01,0.0,0.0
Kogi,2021-03-08,0.0,0.0
Kogi,2021-03-15,0.0,0.0
Kogi,2021-03-22,0.0,0.0
Kogi,2021-03-29,0.0,0.0
Kogi,2021-04-05,0.0,0.0
Kogi,2021-04-12,0.0,0.0
Kogi,2021-04-19,0.0,0.0
Kogi,2021-04-26,0.0,0.0
Kogi,2021-05-03,0.0,0.0
Kogi,2021-05-10,0.0,0.0
Kogi,2021-05-17,0.0,0.0
Kogi,2021-05-24,0.0,0.0
Kogi,2021-05-31,0.0,0.0
Kogi,2021-06-07,0.0,0.0
Kogi,2021-06-14,0.0,0.0
Kogi,2021-06-21,0.0,0.0
Kogi,2021-06-28,0.0,0.0
Kogi,2021-07-05,0.0,0.0
Kogi,2021-07-12,0.0,0.0
Kogi,2021-07-19,0.0,0.0
Kogi,2021-07-26,0.0,0.0
Kogi,2021-08-02,0.0,0.0
Kogi,2021-08-09,0.0,0.0
Kogi,2021-08-16,0.0,0.0
Kogi,2021-08-23,0.0,0.0
Kogi,2021-08-30,0.0,0.0
Kogi,2021-09-06,0.0,0.0
Kogi,2021-09-13,0.0,0.0
Kogi,2021-09-20,0.0,0.0
Kogi,2021-09-27,0.0,0.0
Kogi,2021-10-04,0.0,0.0
Kogi,2021-10-11,0.0,0.0
Kogi,2021-10-18,0.0,0.0
Kogi,2021-10-25,0.0,0.0
Kogi,2021-11-01,0.0,0.0
Kogi,2021-11-08,0.0,0.0
Kogi,2021-11-15,0.0,0.0
Kogi,2021-11-22,0.0,0.0
Kogi,2021-11-29,0.0,0.0
Kogi,2021-12-06,0.0,0.0
Kogi,2021-12-13,0.0,0.0
Kogi,2021-12-20,0.0,0.0
Kogi,2021-12-27,0.0,0.0
Kogi,2022-01-03,0.0,0.0
Kogi,2022-01-10,0.0,0.0
Kogi,2022-01-17,0.0,0.0
Kogi,2022-01-24,0.0,0.0
Kogi,2022-01-31,0.0,0.0
Kogi,2022-02-07,0.0,0.0
Kwara,2020-03-02,0.0,
Kwara,2020-03-09,0.0,
Kwara,2020-03-16,0.0,
Kwara,2020-03-23,0.0,0.0
Kwara,2020-03-30,0.0,0.0
Kwara,2020-04-06,2.0,0.5
Kwara,2020-04-13,2.0,1.0
Kwara,2020-04-20,5.0,2.25
Kwara,2020-04-27,1.0,2.5
Kwara,2020-05-04,3.0,2.75
Kwara,2020-05-11,14.0,5.75
Kwara,2020-05-18,17.0,8.75
Kwara,2020-05-25,10.0,11.0
Kwara,2020-06-01,29.0,17.5
Kwara,2020-06-08,24.0,20.0
Kwara,2020-06-15,7.0,17.5
Kwara,2020-06-22,37.0,24.25
Kwara,2020-06-29,17.0,21.25
Kwara,2020-07-06,49.0,27.5
Kwara,2020-07-13,19.0,30.5
Kwara,2020-07-20,227.0,78.0
Kwara,2020-07-27,79.0,93.5
Kwara,2020-08-03,37.0,90.5
Kwara,2020-08-10,28.0,92.75
Kwara,2020-08-17,33.0,44.25
Kwara,2020-08-24,25.0,30.75
Kwara,2020-08-31,13.0,24.75
Kwara,2020-09-07,12.0,20.75
Kwara,2020-09-14,18.0,17.0
Kwara,2020-09-21,17.0,15.0
Kwara,2020-09-28,7.0,13.5
Kwara,2020-10-05,8.0,12.5
Kwara,2020-10-12,2.0,8.5
Kwara,2020-10-19,0.0,4.25
Kwara,2020-10-26,17.0,6.75
Kwara,2020-11-02,2.0,5.25
Kwara,2020-11-09,11.0,7.5
Kwara,2020-11-16,1.0,7.75
Kwara,2020-11-23,7.0,5.25
Kwara,2020-11-30,6.0,6.25
Kwara,2020-12-07,19.0,8.25
Kwara,2020-12-14,65.0,24.25
Kwara,2020-12-21,45.0,33.75
Kwara,2020-12-28,71.0,50.0
Kwara,2021-01-04,35.0,54.0
Kwara,2021-01-11,81.0,58.0
Kwara,2021-01-18,202.0,97.25
Kwara,2021-01-25,115.0,108.25
Kwara,2021-02-01,26.0,106.0
Kwara,2021-02-08,157.0,125.0
Kwara,2021-02-15,285.0,145.75
Kwara,2021-02-22,113.0,145.25
Kwara,2021-03-01,31.0,146.5
Kwara,2021-03-08,31.0,115.0
Kwara,2021-03-15,80.0,63.75
Kwara,2021-03-22,25.0,41.75
Kwara,2021-03-29,11.0,36.75
Kwara,2021-04-05,37.0,38.25
Kwara,2021-04-12,0.0,18.25
Kwara,2021-04-19,0.0,12.0
Kwara,2021-04-26,2.0,9.75
Kwara,2021-05-03,1.0,0.75
Kwara,2021-05-10,0.0,0.75
Kwara,2021-05-17,0.0,0.75
Kwara,2021-05-24,0.0,0.25
Kwara,2021-05-31,2.0,0.5
Kwara,2021-06-07,1.0,0.75
Kwara,2021-06-14,4.0,1.75
Kwara,2021-06-21,1.0,2.0
Kwara,2021-06-28,3.0,2.25
Kwara,2021-07-05,63.0,17.75
Kwara,2021-07-12,12.0,19.75
Kwara,2021-07-19,4.0,20.5
Kwara,2021-07-26,0.0,19.75
Kwara,2021-08-02,58.0,18.5
Kwara,2021-08-09,30.0,23.0
Kwara,2021-08-16,28.0,29.0
Kwara,2021-08-23,64.0,45.0
Kwara,2021-08-30,72.0,48.5
Kwara,2021-09-06,55.0,54.75
Kwara,2021-09-13,55.0,61.5
Kwara,2021-09-20,38.0,55.0
Kwara,2021-09-27,22.0,42.5
Kwara,2021-10-04,44.0,39.75
Kwara,2021-10-11,21.0,31.25
Kwara,2021-10-18,0.0,21.75
Kwara,2021-10-25,0.0,16.25
Kwara,2021-11-01,0.0,5.25
Kwara,2021-11-08,0.0,0.0
Kwara,2021-11-15,32.0,8.0
Kwara,2021-11-22,15.0,11.75
Kwara,2021-11-29,2.0,12.25
Kwara,2021-12-06,3.0,13.0
Kwara,2021-12-13,0.0,5.0
Kwara,2021-12-20,23.0,7.0
Kwara,2021-12-27,154.0,45.0
Kwara,2022-01-03,51.0,57.0
Kwara,2022-01-10,129.0,89.25
Kwara,2022-01-17,14.0,87.0
Kwara,2022-01-24,9.0,50.75
Kwara,2022-01-31,0.0,38.0
Kwara,2022-02-07,0.0,5.75
Lagos,2020-03-02,0.0,
Lagos,2020-03-09,0.0,
Lagos,2020-03-16,1.0,
Lagos,2020-03-23,14.0,3.75
Lagos,2020-03-30,29.0,11.0
Lagos,2020-04-06,20.0,16.0
Lagos,2020-04-13,32.0,23.75
Lagos,2020-04-20,73.0,38.5
Lagos,2020-04-27,95.0,55.0
Lagos,2020-05-04,123.0,80.75
Lagos,2020-05-11,147.0,109.5
Lagos,2020-05-18,210.0,143.75
Lagos,2020-05-25,142.0,155.5
Lagos,2020-06-01,437.0,234.0
Lagos,2020-06-08,130.0,229.75
Lagos,2020-06-15,365.0,268.5
Lagos,2020-06-22,258.0,297.5
Lagos,2020-06-29,215.0,242.0
Lagos,2020-07-06,219.0,264.25
Lagos,2020-07-13,108.0,200.0
Lagos,2020-07-20,105.0,161.75
Lagos,2020-07-27,172.0,151.0
Lagos,2020-08-03,55.0,110.0
Lagos,2020-08-10,115.0,111.75
Lagos,2020-08-17,239.0,145.25
Lagos,2020-08-24,437.0,211.5
Lagos,2020-08-31,14.0,201.25
Lagos,2020-09-07,43.0,183.25
Lagos,2020-09-14,37.0,132.75
Lagos,2020-09-21,43.0,34.25
Lagos,2020-09-28,101.0,56.0
Lagos,2020-10-05,10.0,47.75
Lagos,2020-10-12,206.0,90.0
Lagos,2020-10-19,173.0,122.5
Lagos,2020-10-26,119.0,127.0
Lagos,2020-11-02,80.0,144.5
Lagos,2020-11-09,291.0,165.75
Lagos,2020-11-16,179.0,167.25
Lagos,2020-11-23,89.0,159.75
Lagos,2020-11-30,131.0,172.5
Lagos,2020-12-07,178.0,144.25
Lagos,2020-12-14,304.0,175.5
Lagos,2020-12-21,427.0,260.0
Lagos,2020-12-28,410.0,329.75
Lagos,2021-01-04,938.0,519.75
Lagos,2021-01-11,424.0,549.75
Lagos,2021-01-18,718.0,622.5
Lagos,2021-01-25,739.0,704.75
Lagos,2021-02-01,927.0,702.0
Lagos,2021-02-08,537.0,730.25
Lagos,2021-02-15,326.0,632.25
Lagos,2021-02-22,307.0,524.25
Lagos,2021-03-01,198.0,342.0
Lagos,2021-03-08,116.0,236.75
Lagos,2021-03-15,118.0,184.75
Lagos,2021-03-22,41.0,118.25
Lagos,2021-03-29,41.0,79.0
Lagos,2021-04-05,49.0,62.25
Lagos,2021-04-12,4.0,33.75
Lagos,2021-04-19,43.0,34.25
Lagos,2021-04-26,33.0,32.25
Lagos,2021-05-03,43.0,30.75
Lagos,2021-05-10,21.0,35.0
Lagos,2021-05-17,55.0,38.0
Lagos,2021-05-24,34.0,38.25
Lagos,2021-05-31,31.0,35.25
Lagos,2021-06-07,104.0,56.0
Lagos,2021-06-14,22.0,47.75
Lagos,2021-06-21,35.0,48.0
Lagos,2021-06-28,93.0,63.5
Lagos,2021-07-05,75.0,56.25
Lagos,2021-07-12,297.0,125.0
Lagos,2021-07-19,186.0,162.75
Lagos,2021-07-26,156.0,178.5
Lagos,2021-08-02,471.0,277.5
Lagos,2021-08-09,280.0,273.25
Lagos,2021-08-16,462.0,342.25
Lagos,2021-08-23,481.0,423.5
Lagos,2021-08-30,212.0,358.75
Lagos,2021-09-06,260.0,353.75
Lagos,2021-09-13,193.0,286.5
Lagos,2021-09-20,96.0,190.25
Lagos,2021-09-27,89.0,159.5
Lagos,2021-10-04,70.0,112.0
Lagos,2021-10-11,63.0,79.5
Lagos,2021-10-18,225.0,111.75
Lagos,2021-10-25,70.0,107.0
Lagos,2021-11-01,71.0,107.25
Lagos,2021-11-08,25.0,97.75
Lagos,2021-11-15,7.0,43.25
Lagos,2021-11-22,48.0,37.75
Lagos,2021-11-29,40.0,30.0
Lagos,2021-12-06,245.0,85.0
Lagos,2021-12-13,370.0,175.75
Lagos,2021-12-20,1895.0,637.5
Lagos,2021-12-27,2703.0,1303.25
Lagos,2022-01-03,257.0,1306.25
Lagos,2022-01-10,121.0,1244.0
Lagos,2022-01-17,194.0,818.75
Lagos,2022-01-24,64.0,159.0
Lagos,2022-01-31,91.0,117.5
Lagos,2022-02-07,0.0,87.25
Nasarawa,2020-03-02,0.0,
Nasarawa,2020-03-09,0.0,
Nasarawa,2020-03-16,0.0,
Nasarawa,2020-03-23,0.0,0.0
Nasarawa,2020-03-30,0.0,0.0
Nasarawa,2020-04-06,0.0,0.0
Nasarawa,2020-04-13,0.0,0.0
Nasarawa,2020-04-20,0.0,0.0
Nasarawa,2020-04-27,0.0,0.0
Nasarawa,2020-05-04,5.0,1.25
Nasarawa,2020-05-11,14.0,4.75
Nasarawa,2020-05-18,5.0,6.0
Nasarawa,2020-05-25,15.0,9.75
Nasarawa,2020-06-01,28.0,15.5
Nasarawa,2020-06-08,22.0,17.5
Nasarawa,2020-06-15,44.0,27.25
Nasarawa,2020-06-22,12.0,26.5
Nasarawa,2020-06-29,20.0,24.5
Nasarawa,2020-07-06,15.0,22.75
Nasarawa,2020-07-13,14.0,15.25
Nasarawa,2020-07-20,21.0,17.5
Nasarawa,2020-07-27,22.0,18.0
Nasarawa,2020-08-03,14.0,17.75
Nasarawa,2020-08-10,20.0,19.25
Nasarawa,2020-08-17,2.0,14.5
Nasarawa,2020-08-24,44.0,20.0
Nasarawa,2020-08-31,10.0,19.0
Nasarawa,2020-09-07,4.0,15.0
Nasarawa,2020-09-14,4.0,15.5
Nasarawa,2020-09-21,2.0,5.0
Nasarawa,2020-09-28,1.0,2.75
Nasarawa,2020-10-05,6.0,3.25
Nasarawa,2020-10-12,14.0,5.75
Nasarawa,2020-10-19,5.0,6.5
Nasarawa,2020-10-26,1.0,6.5
Nasarawa,2020-11-02,3.0,5.75
Nasarawa,2020-11-09,1.0,2.5
Nasarawa,2020-11-16,2.0,1.75
Nasarawa,2020-11-23,0.0,1.5
Nasarawa,2020-11-30,6.0,2.25
Nasarawa,2020-12-07,28.0,9.0
Nasarawa,2020-12-14,28.0,15.5
Nasarawa,2020-12-21,52.0,28.5
Nasarawa,2020-12-28,66.0,43.5
Nasarawa,2021-01-04,77.0,55.75
Nasarawa,2021-01-11,106.0,75.25
Nasarawa,2021-01-18,134.0,95.75
Nasarawa,2021-01-25,138.0,113.75
Nasarawa,2021-02-01,71.0,112.25
Nasarawa,2021-02-08,103.0,111.5
Nasarawa,2021-02-15,72.0,96.0
Nasarawa,2021-02-22,37.0,70.75
Nasarawa,2021-03-01,15.0,56.75
Nasarawa,2021-03-08,13.0,34.25
Nasarawa,2021-03-15,43.0,27.0
Nasarawa,2021-03-22,1.0,18.0
Nasarawa,2021-03-29,9.0,16.5
Nasarawa,2021-04-05,21.0,18.5
Nasarawa,2021-04-12,9.0,10.0
Nasarawa,2021-04-19,2.0,10.25
Nasarawa,2021-04-26,1.0,8.25
Nasarawa,2021-05-03,0.0,3.0
Nasarawa,2021-05-10,1.0,1.0
Nasarawa,2021-05-17,0.0,0.5
Nasarawa,2021-05-24,0.0,0.25
Nasarawa,2021-05-31,0.0,0.25
Nasarawa,2021-06-07,0.0,0.0
Nasarawa,2021-06-14,1.0,0.25
Nasarawa,2021-06-21,0.0,0.25
Nasarawa,2021-06-28,0.0,0.25
Nasarawa,2021-07-05,0.0,0.25
Nasarawa,2021-07-12,0.0,0.0
Nasarawa,2021-07-19,1.0,0.25
Nasarawa,2021-07-26,0.0,0.25
Nasarawa,2021-08-02,13.0,3.5
Nasarawa,2021-08-09,0.0,3.5
Nasarawa,2021-08-16,0.0,3.25
Nasarawa,2021-08-23,6.0,4.75
Nasarawa,2021-08-30,1.0,1.75
Nasarawa,2021-09-06,5.0,3.0
Nasarawa,2021-09-13,2.0,3.5
Nasarawa,2021-09-20,1.0,2.25
Nasarawa,2021-09-27,12.0,5.0
Nasarawa,2021-10-04,5.0,5.0
Nasarawa,2021-10-11,11.0,7.25
Nasarawa,2021-10-18,1.0,7.25
Nasarawa,2021-10-25,2.0,4.75
Nasarawa,2021-11-01,39.0,13.25
Nasarawa,2021-11-08,0.0,10.5
Nasarawa,2021-11-15,0.0,10.25
Nasarawa,2021-11-22,0.0,9.75
Nasarawa,2021-11-29,0.0,0.0
Nasarawa,2021-12-06,0.0,0.0
Nasarawa,2021-12-13,0.0,0.0
Nasarawa,2021-12-20,0.0,0.0
Nasarawa,2021-12-27,0.0,0.0
Nasarawa,2022-01-03,101.0,25.25
Nasarawa,2022-01-10,31.0,33.0
Nasarawa,2022-01-17,17.0,37.25
Nasarawa,2022-01-24,3.0,38.0
Nasarawa,2022-01-31,4.0,13.75
Nasarawa,2022-02-07,0.0,6.0
Niger,2020-03-02,0.0,
Niger,2020-03-09,0.0,
Niger,2020-03-16,0.0,
Niger,2020-03-23,0.0,0.0
Niger,2020-03-30,0.0,0.0
Niger,2020-04-06,0.0,0.0
Niger,2020-04-13,1.0,0.25
Niger,2020-04-20,1.0,0.5
Niger,2020-04-27,0.0,0.5
Niger,2020-05-04,2.0,1.0
Niger,2020-05-11,2.0,1.25
Niger,2020-05-18,11.0,3.75
Niger,2020-05-25,3.0,4.5
Niger,2020-06-01,4.0,5.0
Niger,2020-06-08,10.0,7.0
Niger,2020-06-15,15.0,8.0
Niger,2020-06-22,0.0,7.25
Niger,2020-06-29,13.0,9.5
Niger,2020-07-06,38.0,16.5
Niger,2020-07-13,21.0,18.0
Niger,2020-07-20,21.0,23.25
Niger,2020-07-27,8.0,22.0
Niger,2020-08-03,42.0,23.0
Niger,2020-08-10,3.0,18.5
Niger,2020-08-17,5.0,14.5
Niger,2020-08-24,7.0,14.25
Niger,2020-08-31,4.0,4.75
Niger,2020-09-07,1.0,4.25
Niger,2020-09-14,0.0,3.0
Niger,2020-09-21,10.0,3.75
Niger,2020-09-28,5.0,4.0
Niger,2020-10-05,0.0,3.75
Niger,2020-10-12,2.0,4.25
Niger,2020-10-19,13.0,5.0
Niger,2020-10-26,0.0,3.75
Niger,2020-11-02,2.0,4.25
Niger,2020-11-09,4.0,4.75
Niger,2020-11-16,3.0,2.25
Niger,2020-11-23,10.0,4.75
Niger,2020-11-30,2.0,4.75
Niger,2020-12-07,0.0,3.75
Niger,2020-12-14,0.0,3.0
Niger,2020-12-21,74.0,19.0
Niger,2020-12-28,15.0,22.25
Niger,2021-01-04,7.0,24.0
Niger,2021-01-11,29.0,31.25
Niger,2021-01-18,55.0,26.5
Niger,2021-01-25,70.0,40.25
Niger,2021-02-01,69.0,55.75
Niger,2021-02-08,84.0,69.5
Niger,2021-02-15,25.0,62.0
Niger,2021-02-22,6.0,46.0
Niger,2021-03-01,8.0,30.75
Niger,2021-03-08,4.0,10.75
Niger,2021-03-15,7.0,6.25
Niger,2021-03-22,2.0,5.25
Niger,2021-03-29,0.0,3.25
Niger,2021-04-05,0.0,2.25
Niger,2021-04-12,0.0,0.5
Niger,2021-04-19,0.0,0.0
Niger,2021-04-26,0.0,0.0
Niger,2021-05-03,0.0,0.0
Niger,2021-05-10,0.0,0.0
Niger,2021-05-17,5.0,1.25
Niger,2021-05-24,0.0,1.25
Niger,2021-05-31,0.0,1.25
Niger,2021-06-07,0.0,1.25
Niger,2021-06-14,0.0,0.0
Niger,2021-06-21,0.0,0.0
Niger,2021-06-28,0.0,0.0
Niger,2021-07-05,0.0,0.0
Niger,2021-07-12,0.0,0.0
Niger,2021-07-19,4.0,1.0
Niger,2021-07-26,0.0,1.0
Niger,2021-08-02,14.0,4.5
Niger,2021-08-09,3.0,5.25
Niger,2021-08-16,1.0,4.5
Niger,2021-08-23,0.0,4.5
Niger,2021-08-30,2.0,1.5
Niger,2021-09-06,35.0,9.5
Niger,2021-09-13,0.0,9.25
Niger,2021-09-20,20.0,14.25
Niger,2021-09-27,0.0,13.75
Niger,2021-10-04,1.0,5.25
Niger,2021-10-11,9.0,7.5
Niger,2021-10-18,15.0,6.25
Niger,2021-10-25,5.0,7.5
Niger,2021-11-01,0.0,7.25
Niger,2021-11-08,0.0,5.0
Niger,2021-11-15,0.0,1.25
Niger,2021-11-22,2.0,0.5
Niger,2021-11-29,4.0,1.5
Niger,2021-12-06,10.0,4.0
Niger,2021-12-13,0.0,4.0
Niger,2021-12-20,4.0,4.5
Niger,2021-12-27,0.0,3.5
Niger,2022-01-03,36.0,10.0
Niger,2022-01-10,24.0,16.0
Niger,2022-01-17,5.0,16.25
Niger,2022-01-24,0.0,16.25
Niger,2022-01-31,0.0,7.25
Niger,2022-02-07,0.0,1.25
Non spécifié,2020-03-02,0.0,
Non spécifié,2020-03-09,0.0,
Non spécifié,2020-03-16,0.0,
Non spécifié,2020-03-23,0.0,0.0
Non spécifié,2020-03-30,0.0,0.0
Non spécifié,2020-04-06,0.0,0.0
Non spécifié,2020-04-13,0.0,0.0
Non spécifié,2020-04-20,0.0,0.0
Non spécifié,2020-04-27,0.0,0.0
Non spécifié,2020-05-04,0.0,0.0
Non spécifié,2020-05-11,0.0,0.0
Non spécifié,2020-05-18,0.0,0.0
Non spécifié,2020-05-25,0.0,0.0
Non spécifié,2020-06-01,0.0,0.0
Non spécifié,2020-06-08,0.0,0.0
Non spécifié,2020-06-15,0.0,0.0
Non spécifié,2020-06-22,0.0,0.0
Non spécifié,2020-06-29,0.0,0.0
Non spécifié,2020-07-06,0.0,0.0
Non spécifié,2020-07-13,0.0,0.0
Non spécifié,2020-07-20,0.0,0.0
Non spécifié,2020-07-27,0.0,0.0
Non spécifié,2020-08-03,0.0,0.0
Non spécifié,2020-08-10,0.0,0.0
Non spécifié,2020-08-17,0.0,0.0
Non spécifié,2020-08-24,0.0,0.0
Non spécifié,2020-08-31,0.0,0.0
Non spécifié,2020-09-07,0.0,0.0
Non spécifié,2020-09-14,0.0,0.0
Non spécifié,2020-09-21,0.0,0.0
Non spécifié,2020-09-28,0.0,0.0
Non spécifié,2020-10-05,0.0,0.0
Non spécifié,2020-10-12,0.0,0.0
Non spécifié,2020-10-19,0.0,0.0
Non spécifié,2020-10-26,0.0,0.0
Non spécifié,2020-11-02,0.0,0.0
Non spécifié,2020-11-09,0.0,0.0
Non spécifié,2020-11-16,0.0,0.0
Non spécifié,2020-11-23,0.0,0.0
Non spécifié,2020-11-30,0.0,0.0
Non spécifié,2020-12-07,0.0,0.0
Non spécifié,2020-12-14,0.0,0.0
Non spécifié,2020-12-21,0.0,0.0
Non spécifié,2020-12-28,0.0,0.0
Non spécifié,2021-01-04,0.0,0.0
Non spécifié,2021-01-11,0.0,0.0
Non spécifié,2021-01-18,0.0,0.0
Non spécifié,2021-01-25,0.0,0.0
Non spécifié,2021-02-01,0.0,0.0
Non spécifié,2021-02-08,0.0,0.0
Non spécifié,2021-02-15,0.0,0.0
Non spécifié,2021-02-22,0.0,0.0
Non spécifié,2021-03-01,0.0,0.0
Non spécifié,2021-03-08,0.0,0.0
Non spécifié,2021-03-15,0.0,0.0
Non spécifié,2021-03-22,0.0,0.0
Non spécifié,2021-03-29,0.0,0.0
Non spécifié,2021-04-05,0.0,0.0
Non spécifié,2021-04-12,0.0,0.0
Non spécifié,2021-04-19,0.0,0.0
Non spécifié,2021-04-26,0.0,0.0
Non spécifié,2021-05-03,0.0,0.0
Non spécifié,2021-05-10,0.0,0.0
Non spécifié,2021-05-17,0.0,0.0
Non spécifié,2021-05-24,0.0,0.0
Non spécifié,2021-05-31,0.0,0.0
Non spécifié,2021-06-07,0.0,0.0
Non spécifié,2021-06-14,0.0,0.0
Non spécifié,2021-06-21,0.0,0.0
Non spécifié,2021-06-28,0.0,0.0
Non spécifié,2021-07-05,0.0,0.0
Non spécifié,2021-07-12,0.0,0.0
Non spécifié,2021-07-19,0.0,0.0
Non spécifié,2021-07-26,0.0,0.0
Non spécifié,2021-08-02,0.0,0.0
Non spécifié,2021-08-09,0.0,0.0
Non spécifié,2021-08-16,0.0,0.0
Non spécifié,2021-08-23,0.0,0.0
Non spécifié,2021-08-30,0.0,0.0
Non spécifié,2021-09-06,0.0,0.0
Non spécifié,2021-09-13,0.0,0.0
Non spécifié,2021-09-20,0.0,0.0
Non spécifié,2021-09-27,0.0,0.0
Non spécifié,2021-10-04,0.0,0.0
Non spécifié,2021-10-11,0.0,0.0
Non spécifié,2021-10-18,0.0,0.0
Non spécifié,2021-10-25,0.0,0.0
Non spécifié,2021-11-01,0.0,0.0
Non spécifié,2021-11-08,0.0,0.0
Non spécifié,2021-11-15,0.0,0.0
Non spécifié,2021-11-22,0.0,0.0
Non spécifié,2021-11-29,0.0,0.0
Non spécifié,2021-12-06,0.0,0.0
Non spécifié,2021-12-13,0.0,0.0
Non spécifié,2021-12-20,0.0,0.0
Non spécifié,2021-12-27,0.0,0.0
Non spécifié,2022-01-03,0.0,0.0
Non spécifié,2022-01-10,0.0,0.0
Non spécifié,2022-01-17,0.0,0.0
Non spécifié,2022-01-24,0.0,0.0
Non spécifié,2022-01-31,0.0,0.0
Non spécifié,2022-02-07,0.0,0.0
Ogun,2020-03-02,1.0,
Ogun,2020-03-09,1.0,
Ogun,2020-03-16,0.0,
Ogun,2020-03-23,0.0,0.5
Ogun,2020-03-30,1.0,0.5
Ogun,2020-04-06,1.0,0.5
Ogun,2020-04-13,5.0,1.75
Ogun,2020-04-20,2.0,2.25
Ogun,2020-04-27,13.0,5.25
Ogun,2020-05-04,45.0,16.25
Ogun,2020-05-11,17.0,19.25
Ogun,2020-05-18,19.0,23.5
Ogun,2020-05-25,40.0,30.25
Ogun,2020-06-01,22.0,24.5
Ogun,2020-06-08,46.0,31.75
Ogun,2020-06-15,146.0,63.5
Ogun,2020-06-22,65.0,69.75
Ogun,2020-06-29,47.0,76.0
Ogun,2020-07-06,53.0,77.75
Ogun,2020-07-13,21.0,46.5
Ogun,2020-07-20,23.0,36.0
Ogun,2020-07-27,78.0,43.75
Ogun,2020-08-03,44.0,41.5
Ogun,2020-08-10,36.0,45.25
Ogun,2020-08-17,24.0,45.5
Ogun,2020-08-24,26.0,32.5
Ogun,2020-08-31,11.0,24.25
Ogun,2020-09-07,21.0,20.5
Ogun,2020-09-14,16.0,18.5
Ogun,2020-09-21,4.0,13.0
Ogun,2020-09-28,37.0,19.5
Ogun,2020-10-05,19.0,19.0
Ogun,2020-10-12,23.0,20.75
Ogun,2020-10-19,23.0,25.5
Ogun,2020-10-26,14.0,19.75
Ogun,2020-11-02,21.0,20.25
Ogun,2020-11-09,11.0,17.25
Ogun,2020-11-16,15.0,15.25
Ogun,2020-11-23,19.0,16.5
Ogun,2020-11-30,47.0,23.0
Ogun,2020-12-07,21.0,25.5
Ogun,2020-12-14,26.0,28.25
Ogun,2020-12-21,22.0,29.0
Ogun,2020-12-28,22.0,22.75
Ogun,2021-01-04,41.0,27.75
Ogun,2021-01-11,48.0,33.25
Ogun,2021-01-18,83.0,48.5
Ogun,2021-01-25,106.0,69.5
Ogun,2021-02-01,32.0,67.25
Ogun,2021-02-08,63.0,71.0
Ogun,2021-02-15,44.0,61.25
Ogun,2021-02-22,54.0,48.25
Ogun,2021-03-01,83.0,61.0
Ogun,2021-03-08,29.0,52.5
Ogun,2021-03-15,20.0,46.5
Ogun,2021-03-22,16.0,37.0
Ogun,2021-03-29,5.0,17.5
Ogun,2021-04-05,3.0,11.0
Ogun,2021-04-12,1.0,6.25
Ogun,2021-04-19,8.0,4.25
Ogun,2021-04-26,12.0,6.0
Ogun,2021-05-03,8.0,7.25
Ogun,2021-05-10,1.0,7.25
Ogun,2021-05-17,0.0,5.25
Ogun,2021-05-24,3.0,3.0
Ogun,2021-05-31,0.0,1.0
Ogun,2021-06-07,0.0,0.75
Ogun,2021-06-14,0.0,0.75
Ogun,2021-06-21,0.0,0.0
Ogun,2021-06-28,1.0,0.25
Ogun,2021-07-05,6.0,1.75
Ogun,2021-07-12,6.0,3.25
Ogun,2021-07-19,16.0,7.25
Ogun,2021-07-26,10.0,9.5
Ogun,2021-08-02,17.0,12.25
Ogun,2021-08-09,88.0,32.75
Ogun,2021-08-16,24.0,34.75
Ogun,2021-08-23,35.0,41.0
Ogun,2021-08-30,28.0,43.75
Ogun,2021-09-06,30.0,29.25
Ogun,2021-09-13,15.0,27.0
Ogun,2021-09-20,10.0,20.75
Ogun,2021-09-27,3.0,14.5
Ogun,2021-10-04,13.0,10.25
Ogun,2021-10-11,1.0,6.75
Ogun,2021-10-18,0.0,4.25
Ogun,2021-10-25,1.0,3.75
Ogun,2021-11-01,1.0,0.75
Ogun,2021-11-08,1.0,0.75
Ogun,2021-11-15,0.0,0.75
Ogun,2021-11-22,1.0,0.75
Ogun,2021-11-29,0.0,0.5
Ogun,2021-12-06,3.0,1.0
Ogun,2021-12-13,44.0,12.0
Ogun,2021-12-20,37.0,21.0
Ogun,2021-12-27,77.0,40.25
Ogun,2022-01-03,18.0,44.0
Ogun,2022-01-10,30.0,40.5
Ogun,2022-01-17,5.0,32.5
Ogun,2022-01-24,2.0,13.75
Ogun,2022-01-31,4.0,10.25
Ogun,2022-02-07,0.0,2.75
Ondo,2020-03-02,0.0,
Ondo,2020-03-09,0.0,
Ondo,2020-03-16,0.0,
Ondo,2020-03-23,0.0,0.0
Ondo,2020-03-30,0.0,0.0
Ondo,2020-04-06,1.0,0.25
Ondo,2020-04-13,2.0,0.75
Ondo,2020-04-20,0.0,0.75
Ondo,2020-04-27,5.0,2.0
Ondo,2020-05-04,4.0,2.75
Ondo,2020-05-11,3.0,3.0
Ondo,2020-05-18,3.0,3.75
Ondo,2020-05-25,2.0,3.0
Ondo,2020-06-01,5.0,3.25
Ondo,2020-06-08,5.0,3.75
Ondo,2020-06-15,15.0,6.75
Ondo,2020-06-22,38.0,15.75
Ondo,2020-06-29,70.0,32.0
Ondo,2020-07-06,60.0,45.75
Ondo,2020-07-13,178.0,86.5
Ondo,2020-07-20,109.0,104.25
Ondo,2020-07-27,97.0,111.0
Ondo,2020-08-03,47.0,107.75
Ondo,2020-08-10,79.0,83.0
Ondo,2020-08-17,68.0,72.75
Ondo,2020-08-24,14.0,52.0
Ondo,2020-08-31,24.0,46.25
Ondo,2020-09-07,22.0,32.0
Ondo,2020-09-14,18.0,19.5
Ondo,2020-09-21,13.0,19.25
Ondo,2020-09-28,16.0,17.25
Ondo,2020-10-05,3.0,12.5
Ondo,2020-10-12,10.0,10.5
Ondo,2020-10-19,5.0,8.5
Ondo,2020-10-26,7.0,6.25
Ondo,2020-11-02,3.0,6.25
Ondo,2020-11-09,26.0,10.25
Ondo,2020-11-16,22.0,14.5
Ondo,2020-11-23,5.0,14.0
Ondo,2020-11-30,1.0,13.5
Ondo,2020-12-07,0.0,7.0
Ondo,2020-12-14,25.0,7.75
Ondo,2020-12-21,28.0,13.5
Ondo,2020-12-28,5.0,14.5
Ondo,2021-01-04,41.0,24.75
Ondo,2021-01-11,95.0,42.25
Ondo,2021-01-18,53.0,48.5
Ondo,2021-01-25,90.0,69.75
Ondo,2021-02-01,115.0,88.25
Ondo,2021-02-08,176.0,108.5
Ondo,2021-02-15,218.0,149.75
Ondo,2021-02-22,50.0,139.75
Ondo,2021-03-01,39.0,120.75
Ondo,2021-03-08,60.0,91.75
Ondo,2021-03-15,58.0,51.75
Ondo,2021-03-22,22.0,44.75
Ondo,2021-03-29,10.0,37.5
Ondo,2021-04-05,42.0,33.0
Ondo,2021-04-12,6.0,20.0
Ondo,2021-04-19,16.0,18.5
Ondo,2021-04-26,0.0,16.0
Ondo,2021-05-03,6.0,7.0
Ondo,2021-05-10,0.0,5.5
Ondo,2021-05-17,35.0,10.25
Ondo,2021-05-24,0.0,10.25
Ondo,2021-05-31,28.0,15.75
Ondo,2021-06-07,30.0,23.25
Ondo,2021-06-14,61.0,29.75
Ondo,2021-06-21,31.0,37.5
Ondo,2021-06-28,0.0,30.5
Ondo,2021-07-05,12.0,26.0
Ondo,2021-07-12,0.0,10.75
Ondo,2021-07-19,17.0,7.25
Ondo,2021-07-26,24.0,13.25
Ondo,2021-08-02,61.0,25.5
Ondo,2021-08-09,59.0,40.25
Ondo,2021-08-16,124.0,67.0
Ondo,2021-08-23,63.0,76.75
Ondo,2021-08-30,95.0,85.25
Ondo,2021-09-06,180.0,115.5
Ondo,2021-09-13,88.0,106.5
Ondo,2021-09-20,150.0,128.25
Ondo,2021-09-27,47.0,116.25
Ondo,2021-10-04,31.0,79.0
Ondo,2021-10-11,19.0,61.75
Ondo,2021-10-18,16.0,28.25
Ondo,2021-10-25,7.0,18.25
Ondo,2021-11-01,17.0,14.75
Ondo,2021-11-08,11.0,12.75
Ondo,2021-11-15,0.0,8.75
Ondo,2021-11-22,7.0,8.75
Ondo,2021-11-29,11.0,7.25
Ondo,2021-12-06,0.0,4.5
Ondo,2021-12-13,0.0,4.5
Ondo,2021-12-20,78.0,22.25
Ondo,2021-12-27,136.0,53.5
Ondo,2022-01-03,35.0,62.25
Ondo,2022-01-10,122.0,92.75
Ondo,2022-01-17,42.0,83.75
Ondo,2022-01-24,9.0,52.0
Ondo,2022-01-31,26.0,49.75
Ondo,2022-02-07,0.0,19.25
Osun,2020-03-02,0.0,
Osun,2020-03-09,0.0,
Osun,2020-03-16,0.0,
Osun,2020-03-23,0.0,0.0
Osun,2020-03-30,2.0,0.5
Osun,2020-04-06,15.0,4.25
Osun,2020-04-13,0.0,4.25
Osun,2020-04-20,0.0,4.25
Osun,2020-04-27,12.0,6.75
Osun,2020-05-04,3.0,3.75
Osun,2020-05-11,2.0,4.25
Osun,2020-05-18,3.0,5.0
Osun,2020-05-25,2.0,2.5
Osun,2020-06-01,1.0,2.0
Osun,2020-06-08,3.0,2.25
Osun,2020-06-15,1.0,1.75
Osun,2020-06-22,9.0,3.5
Osun,2020-06-29,29.0,10.5
Osun,2020-07-06,51.0,22.5
Osun,2020-07-13,29.0,29.5
Osun,2020-07-20,40.0,37.25
Osun,2020-07-27,55.0,43.75
Osun,2020-08-03,95.0,54.75
Osun,2020-08-10,20.0,52.5
Osun,2020-08-17,50.0,55.0
Osun,2020-08-24,9.0,43.5
Osun,2020-08-31,11.0,22.5
Osun,2020-09-07,12.0,20.5
Osun,2020-09-14,2.0,8.5
Osun,2020-09-21,4.0,7.25
Osun,2020-09-28,9.0,6.75
Osun,2020-10-05,13.0,7.0
Osun,2020-10-12,28.0,13.5
Osun,2020-10-19,10.0,15.0
Osun,2020-10-26,1.0,13.0
Osun,2020-11-02,3.0,10.5
Osun,2020-11-09,2.0,4.0
Osun,2020-11-16,8.0,3.5
Osun,2020-11-23,2.0,3.75
Osun,2020-11-30,1.0,3.25
Osun,2020-12-07,8.0,4.75
Osun,2020-12-14,0.0,2.75
Osun,2020-12-21,11.0,5.0
Osun,2020-12-28,25.0,11.0
Osun,2021-01-04,8.0,11.0
Osun,2021-01-11,26.0,17.5
Osun,2021-01-18,105.0,41.0
Osun,2021-01-25,96.0,58.75
Osun,2021-02-01,45.0,68.0
Osun,2021-02-08,143.0,97.25
Osun,2021-02-15,130.0,103.5
Osun,2021-02-22,4.0,80.5
Osun,2021-03-01,45.0,80.5
Osun,2021-03-08,21.0,50.0
Osun,2021-03-15,7.0,19.25
Osun,2021-03-22,4.0,19.25
Osun,2021-03-29,4.0,9.0
Osun,2021-04-05,3.0,4.5
Osun,2021-04-12,3.0,3.5
Osun,2021-04-19,4.0,3.5
Osun,2021-04-26,1.0,2.75
Osun,2021-05-03,3.0,2.75
Osun,2021-05-10,0.0,2.0
Osun,2021-05-17,0.0,1.0
Osun,2021-05-24,0.0,0.75
Osun,2021-05-31,0.0,0.0
Osun,2021-06-07,0.0,0.0
Osun,2021-06-14,0.0,0.0
Osun,2021-06-21,0.0,0.0
Osun,2021-06-28,2.0,0.5
Osun,2021-07-05,0.0,0.5
Osun,2021-07-12,0.0,0.5
Osun,2021-07-19,0.0,0.5
Osun,2021-07-26,1.0,0.25
Osun,2021-08-02,38.0,9.75
Osun,2021-08-09,19.0,14.5
Osun,2021-08-16,18.0,19.0
Osun,2021-08-23,15.0,22.5
Osun,2021-08-30,18.0,17.5
Osun,2021-09-06,58.0,27.25
Osun,2021-09-13,69.0,40.0
Osun,2021-09-20,17.0,40.5
Osun,2021-09-27,37.0,45.25
Osun,2021-10-04,0.0,30.75
Osun,2021-10-11,32.0,21.5
Osun,2021-10-18,13.0,20.5
Osun,2021-10-25,14.0,14.75
Osun,2021-11-01,21.0,20.0
Osun,2021-11-08,10.0,14.5
Osun,2021-11-15,8.0,13.25
Osun,2021-11-22,3.0,10.5
Osun,2021-11-29,2.0,5.75
Osun,2021-12-06,5.0,4.5
Osun,2021-12-13,2.0,3.0
Osun,2021-12-20,25.0,8.5
Osun,2021-12-27,40.0,18.0
Osun,2022-01-03,6.0,18.25
Osun,2022-01-10,29.0,25.0
Osun,2022-01-17,27.0,25.5
Osun,2022-01-24,51.0,28.25
Osun,2022-01-31,23.0,32.5
Osun,2022-02-07,0.0,25.25
Oyo,2020-03-02,0.0,
Oyo,2020-03-09,0.0,
Oyo,2020-03-16,0.0,
Oyo,2020-03-23,1.0,0.25
Oyo,2020-03-30,7.0,2.0
Oyo,2020-04-06,1.0,2.25
Oyo,2020-04-13,2.0,2.75
Oyo,2020-04-20,2.0,3.0
Oyo,2020-04-27,5.0,2.5
Oyo,2020-05-04,10.0,4.75
Oyo,2020-05-11,6.0,5.75
Oyo,2020-05-18,42.0,15.75
Oyo,2020-05-25,47.0,26.25
Oyo,2020-06-01,22.0,29.25
Oyo,2020-06-08,58.0,42.25
Oyo,2020-06-15,88.0,53.75
Oyo,2020-06-22,104.0,68.0
Oyo,2020-06-29,141.0,97.75
Oyo,2020-07-06,65.0,99.5
Oyo,2020-07-13,221.0,132.75
Oyo,2020-07-20,134.0,140.25
Oyo,2020-07-27,224.0,161.0
Oyo,2020-08-03,70.0,162.25
Oyo,2020-08-10,33.0,115.25
Oyo,2020-08-17,41.0,92.0
Oyo,2020-08-24,37.0,45.25
Oyo,2020-08-31,41.0,38.0
Oyo,2020-09-07,44.0,40.75
Oyo,2020-09-14,13.0,33.75
Oyo,2020-09-21,8.0,26.5
Oyo,2020-09-28,15.0,20.0
Oyo,2020-10-05,12.0,12.0
Oyo,2020-10-12,14.0,12.25
Oyo,2020-10-19,78.0,29.75
Oyo,2020-10-26,10.0,28.5
Oyo,2020-11-02,22.0,31.0
Oyo,2020-11-09,60.0,42.5
Oyo,2020-11-16,105.0,49.25
Oyo,2020-11-23,5.0,48.0
Oyo,2020-11-30,25.0,48.75
Oyo,2020-12-07,9.0,36.0
Oyo,2020-12-14,18.0,14.25
Oyo,2020-12-21,15.0,16.75
Oyo,2020-12-28,71.0,28.25
Oyo,2021-01-04,81.0,46.25
Oyo,2021-01-11,102.0,67.25
Oyo,2021-01-18,175.0,107.25
Oyo,2021-01-25,194.0,138.0
Oyo,2021-02-01,147.0,154.5
Oyo,2021-02-08,290.0,201.5
Oyo,2021-02-15,109.0,185.0
Oyo,2021-02-22,189.0,183.75
Oyo,2021-03-01,14.0,150.5
Oyo,2021-03-08,12.0,81.0
Oyo,2021-03-15,27.0,60.5
Oyo,2021-03-22,10.0,15.75
Oyo,2021-03-29,9.0,14.5
Oyo,2021-04-05,0.0,11.5
Oyo,2021-04-12,0.0,4.75
Oyo,2021-04-19,2.0,2.75
Oyo,2021-04-26,8.0,2.5
Oyo,2021-05-03,2.0,3.0
Oyo,2021-05-10,3.0,3.75
Oyo,2021-05-17,0.0,3.25
Oyo,2021-05-24,1.0,1.5
Oyo,2021-05-31,0.0,1.0
Oyo,2021-06-07,1.0,0.5
Oyo,2021-06-14,1.0,0.75
Oyo,2021-06-21,0.0,0.5
Oyo,2021-06-28,4.0,1.5
Oyo,2021-07-05,7.0,3.0
Oyo,2021-07-12,11.0,5.5
Oyo,2021-07-19,18.0,10.0
Oyo,2021-07-26,41.0,19.25
Oyo,2021-08-02,41.0,27.75
Oyo,2021-08-09,102.0,50.5
Oyo,2021-08-16,105.0,72.25
Oyo,2021-08-23,85.0,83.25
Oyo,2021-08-30,168.0,115.0
Oyo,2021-09-06,155.0,128.25
Oyo,2021-09-13,107.0,128.75
Oyo,2021-09-20,31.0,115.25
Oyo,2021-09-27,24.0,79.25
Oyo,2021-10-04,9.0,42.75
Oyo,2021-10-11,13.0,19.25
Oyo,2021-10-18,14.0,15.0
Oyo,2021-10-25,12.0,12.0
Oyo,2021-11-01,12.0,12.75
Oyo,2021-11-08,6.0,11.0
Oyo,2021-11-15,4.0,8.5
Oyo,2021-11-22,3.0,6.25
Oyo,2021-11-29,15.0,7.0
Oyo,2021-12-06,12.0,8.5
Oyo,2021-12-13,60.0,22.5
Oyo,2021-12-20,154.0,60.25
Oyo,2021-12-27,354.0,145.0
Oyo,2022-01-03,90.0,164.5
Oyo,2022-01-10,65.0,165.75
Oyo,2022-01-17,17.0,131.5
Oyo,2022-01-24,10.0,45.5
Oyo,2022-01-31,10.0,25.5
Oyo,2022-02-07,0.0,9.25
Plateau,2020-03-02,0.0,
Plateau,2020-03-09,0.0,
Plateau,2020-03-16,0.0,
Plateau,2020-03-23,0.0,0.0
Plateau,2020-03-30,0.0,0.0
Plateau,2020-04-06,0.0,0.0
Plateau,2020-04-13,0.0,0.0
Plateau,2020-04-20,0.0,0.0
Plateau,2020-04-27,1.0,0.25
Plateau,2020-05-04,2.0,0.75
Plateau,2020-05-11,11.0,3.5
Plateau,2020-05-18,16.0,7.5
Plateau,2020-05-25,32.0,15.25
Plateau,2020-06-01,3.0,15.5
Plateau,2020-06-08,11.0,15.5
Plateau,2020-06-15,33.0,19.75
Plateau,2020-06-22,57.0,26.0
Plateau,2020-06-29,82.0,45.75
Plateau,2020-07-06,24.0,49.0
Plateau,2020-07-13,28.0,47.75
Plateau,2020-07-20,66.0,50.0
Plateau,2020-07-27,176.0,73.5
Plateau,2020-08-03,34.0,76.0
Plateau,2020-08-10,187.0,115.75
Plateau,2020-08-17,150.0,136.75
Plateau,2020-08-24,189.0,140.0
Plateau,2020-08-31,93.0,154.75
Plateau,2020-09-07,116.0,137.0
Plateau,2020-09-14,249.0,161.75
Plateau,2020-09-21,52.0,127.5
Plateau,2020-09-28,84.0,125.25
Plateau,2020-10-05,33.0,104.5
Plateau,2020-10-12,40.0,52.25
Plateau,2020-10-19,16.0,43.25
Plateau,2020-10-26,10.0,24.75
Plateau,2020-11-02,12.0,19.5
Plateau,2020-11-09,15.0,13.25
Plateau,2020-11-16,27.0,16.0
Plateau,2020-11-23,70.0,31.0
Plateau,2020-11-30,57.0,42.25
Plateau,2020-12-07,25.0,44.75
Plateau,2020-12-14,51.0,50.75
Plateau,2020-12-21,104.0,59.25
Plateau,2020-12-28,153.0,83.25
Plateau,2021-01-04,130.0,109.5
Plateau,2021-01-11,260.0,161.75
Plateau,2021-01-18,224.0,191.75
Plateau,2021-01-25,234.0,212.0
Plateau,2021-02-01,150.0,217.0
Plateau,2021-02-08,282.0,222.5
Plateau,2021-02-15,106.0,193.0
Plateau,2021-02-22,63.0,150.25
Plateau,2021-03-01,38.0,122.25
Plateau,2021-03-08,17.0,56.0
Plateau,2021-03-15,16.0,33.5
Plateau,2021-03-22,13.0,21.0
Plateau,2021-03-29,8.0,13.5
Plateau,2021-04-05,14.0,12.75
Plateau,2021-04-12,2.0,9.25
Plateau,2021-04-19,4.0,7.0
Plateau,2021-04-26,3.0,5.75
Plateau,2021-05-03,7.0,4.0
Plateau,2021-05-10,1.0,3.75
Plateau,2021-05-17,0.0,2.75
Plateau,2021-05-24,1.0,2.25
Plateau,2021-05-31,1.0,0.75
Plateau,2021-06-07,0.0,0.5
Plateau,2021-06-14,0.0,0.5
Plateau,2021-06-21,0.0,0.25
Plateau,2021-06-28,2.0,0.5
Plateau,2021-07-05,2.0,1.0
Plateau,2021-07-12,1.0,1.25
Plateau,2021-07-19,0.0,1.25
Plateau,2021-07-26,14.0,4.25
Plateau,2021-08-02,10.0,6.25
Plateau,2021-08-09,6.0,7.5
Plateau,2021-08-16,6.0,9.0
Plateau,2021-08-23,3.0,6.25
Plateau,2021-08-30,20.0,8.75
Plateau,2021-09-06,18.0,11.75
Plateau,2021-09-13,27.0,17.0
Plateau,2021-09-20,28.0,23.25
Plateau,2021-09-27,32.0,26.25
Plateau,2021-10-04,31.0,29.5
Plateau,2021-10-11,25.0,29.0
Plateau,2021-10-18,28.0,29.0
Plateau,2021-10-25,90.0,43.5
Plateau,2021-11-01,17.0,40.0
Plateau,2021-11-08,61.0,49.0
Plateau,2021-11-15,16.0,46.0
Plateau,2021-11-22,30.0,31.0
Plateau,2021-11-29,18.0,31.25
Plateau,2021-12-06,50.0,28.5
Plateau,2021-12-13,8.0,26.5
Plateau,2021-12-20,88.0,41.0
Plateau,2021-12-27,63.0,52.25
Plateau,2022-01-03,2.0,40.25
Plateau,2022-01-10,5.0,39.5
Plateau,2022-01-17,14.0,21.0
Plateau,2022-01-24,2.0,5.75
Plateau,2022-01-31,2.0,5.75
Plateau,2022-02-07,0.0,4.5
Rivers,2020-03-02,0.0,
Rivers,2020-03-09,0.0,
Rivers,2020-03-16,0.0,
Rivers,2020-03-23,0.0,0.0
Rivers,2020-03-30,1.0,0.25
Rivers,2020-04-06,1.0,0.5
Rivers,2020-04-13,0.0,0.5
Rivers,2020-04-20,0.0,0.5
Rivers,2020-04-27,4.0,1.25
Rivers,2020-05-04,7.0,2.75
Rivers,2020-05-11,5.0,4.0
Rivers,2020-05-18,25.0,10.25
Rivers,2020-05-25,61.0,24.5
Rivers,2020-06-01,71.0,40.5
Rivers,2020-06-08,50.0,51.75
Rivers,2020-06-15,145.0,81.75
Rivers,2020-06-22,183.0,112.25
Rivers,2020-06-29,68.0,111.5
Rivers,2020-07-06,119.0,128.75
Rivers,2020-07-13,75.0,111.25
Rivers,2020-07-20,80.0,85.5
Rivers,2020-07-27,63.0,84.25
Rivers,2020-08-03,55.0,68.25
Rivers,2020-08-10,37.0,58.75
Rivers,2020-08-17,52.0,51.75
Rivers,2020-08-24,35.0,44.75
Rivers,2020-08-31,21.0,36.25
Rivers,2020-09-07,47.0,38.75
Rivers,2020-09-14,4.0,26.75
Rivers,2020-09-21,13.0,21.25
Rivers,2020-09-28,19.0,20.75
Rivers,2020-10-05,100.0,34.0
Rivers,2020-10-12,12.0,36.0
Rivers,2020-10-19,39.0,42.5
Rivers,2020-10-26,4.0,38.75
Rivers,2020-11-02,29.0,21.0
Rivers,2020-11-09,22.0,23.5
Rivers,2020-11-16,22.0,19.25
Rivers,2020-11-23,26.0,24.75
Rivers,2020-11-30,15.0,21.25
Rivers,2020-12-07,27.0,22.5
Rivers,2020-12-14,64.0,33.0
Rivers,2020-12-21,38.0,36.0
Rivers,2020-12-28,65.0,48.5
Rivers,2021-01-04,141.0,77.0
Rivers,2021-01-11,75.0,79.75
Rivers,2021-01-18,253.0,133.5
Rivers,2021-01-25,182.0,162.75
Rivers,2021-02-01,157.0,166.75
Rivers,2021-02-08,179.0,192.75
Rivers,2021-02-15,35.0,138.25
Rivers,2021-02-22,117.0,122.0
Rivers,2021-03-01,95.0,106.5
Rivers,2021-03-08,91.0,84.5
Rivers,2021-03-15,30.0,83.25
Rivers,2021-03-22,20.0,59.0
Rivers,2021-03-29,22.0,40.75
Rivers,2021-04-05,23.0,23.75
Rivers,2021-04-12,18.0,20.75
Rivers,2021-04-19,26.0,22.25
Rivers,2021-04-26,25.0,23.0
Rivers,2021-05-03,9.0,19.5
Rivers,2021-05-10,10.0,17.5
Rivers,2021-05-17,15.0,14.75
Rivers,2021-05-24,13.0,11.75
Rivers,2021-05-31,17.0,13.75
Rivers,2021-06-07,5.0,12.5
Rivers,2021-06-14,5.0,10.0
Rivers,2021-06-21,8.0,8.75
Rivers,2021-06-28,14.0,8.0
Rivers,2021-07-05,3.0,7.5
Rivers,2021-07-12,16.0,10.25
Rivers,2021-07-19,18.0,12.75
Rivers,2021-07-26,52.0,22.25
Rivers,2021-08-02,85.0,42.75
Rivers,2021-08-09,135.0,72.5
Rivers,2021-08-16,267.0,134.75
Rivers,2021-08-23,88.0,143.75
Rivers,2021-08-30,498.0,247.0
Rivers,2021-09-06,66.0,229.75
Rivers,2021-09-13,294.0,236.5
Rivers,2021-09-20,68.0,231.5
Rivers,2021-09-27,145.0,143.25
Rivers,2021-10-04,89.0,149.0
Rivers,2021-10-11,48.0,87.5
Rivers,2021-10-18,81.0,90.75
Rivers,2021-10-25,58.0,69.0
Rivers,2021-11-01,39.0,56.5
Rivers,2021-11-08,25.0,50.75
Rivers,2021-11-15,10.0,33.0
Rivers,2021-11-22,57.0,32.75
Rivers,2021-11-29,38.0,32.5
Rivers,2021-12-06,24.0,32.25
Rivers,2021-12-13,54.0,43.25
Rivers,2021-12-20,210.0,81.5
Rivers,2021-12-27,348.0,159.0
Rivers,2022-01-03,411.0,255.75
Rivers,2022-01-10,486.0,363.75
Rivers,2022-01-17,172.0,354.25
Rivers,2022-01-24,84.0,288.25
Rivers,2022-01-31,13.0,188.75
Rivers,2022-02-07,0.0,67.25
Sokoto,2020-03-02,0.0,
Sokoto,2020-03-09,0.0,
Sokoto,2020-03-16,0.0,
Sokoto,2020-03-23,0.0,0.0
Sokoto,2020-03-30,0.0,0.0
Sokoto,2020-04-06,0.0,0.0
Sokoto,2020-04-13,0.0,0.0
Sokoto,2020-04-20,1.0,0.25
Sokoto,2020-04-27,9.0,2.5
Sokoto,2020-05-04,18.0,7.0
Sokoto,2020-05-11,25.0,13.25
Sokoto,2020-05-18,5.0,14.25
Sokoto,2020-05-25,2.0,12.5
Sokoto,2020-06-01,0.0,8.0
Sokoto,2020-06-08,12.0,4.75
Sokoto,2020-06-15,3.0,4.25
Sokoto,2020-06-22,5.0,5.0
Sokoto,2020-06-29,13.0,8.25
Sokoto,2020-07-06,2.0,5.75
Sokoto,2020-07-13,0.0,5.0
Sokoto,2020-07-20,0.0,3.75
Sokoto,2020-07-27,1.0,0.75
Sokoto,2020-08-03,0.0,0.25
Sokoto,2020-08-10,0.0,0.25
Sokoto,2020-08-17,0.0,0.25
Sokoto,2020-08-24,4.0,1.0
Sokoto,2020-08-31,1.0,1.25
Sokoto,2020-09-07,0.0,1.25
Sokoto,2020-09-14,0.0,1.25
Sokoto,2020-09-21,2.0,0.75
Sokoto,2020-09-28,1.0,0.75
Sokoto,2020-10-05,0.0,0.75
Sokoto,2020-10-12,0.0,0.75
Sokoto,2020-10-19,0.0,0.25
Sokoto,2020-10-26,3.0,0.75
Sokoto,2020-11-02,0.0,0.75
Sokoto,2020-11-09,0.0,0.75
Sokoto,2020-11-16,0.0,0.75
Sokoto,2020-11-23,0.0,0.0
Sokoto,2020-11-30,1.0,0.25
Sokoto,2020-12-07,5.0,1.5
Sokoto,2020-12-14,13.0,4.75
Sokoto,2020-12-21,39.0,14.5
Sokoto,2020-12-28,40.0,24.25
Sokoto,2021-01-04,69.0,40.25
Sokoto,2021-01-11,112.0,65.0
Sokoto,2021-01-18,55.0,69.0
Sokoto,2021-01-25,12.0,62.0
Sokoto,2021-02-01,59.0,59.5
Sokoto,2021-02-08,8.0,33.5
Sokoto,2021-02-15,2.0,20.25
Sokoto,2021-02-22,5.0,18.5
Sokoto,2021-03-01,1.0,4.0
Sokoto,2021-03-08,0.0,2.0
Sokoto,2021-03-15,0.0,1.5
Sokoto,2021-03-22,4.0,1.25
Sokoto,2021-03-29,1.0,1.25
Sokoto,2021-04-05,0.0,1.25
Sokoto,2021-04-12,1.0,1.5
Sokoto,2021-04-19,0.0,0.5
Sokoto,2021-04-26,0.0,0.25
Sokoto,2021-05-03,0.0,0.25
Sokoto,2021-05-10,0.0,0.0
Sokoto,2021-05-17,0.0,0.0
Sokoto,2021-05-24,0.0,0.0
Sokoto,2021-05-31,0.0,0.0
Sokoto,2021-06-07,0.0,0.0
Sokoto,2021-06-14,0.0,0.0
Sokoto,2021-06-21,0.0,0.0
Sokoto,2021-06-28,0.0,0.0
Sokoto,2021-07-05,0.0,0.0
Sokoto,2021-07-12,0.0,0.0
Sokoto,2021-07-19,0.0,0.0
Sokoto,2021-07-26,9.0,2.25
Sokoto,2021-08-02,1.0,2.5
Sokoto,2021-08-09,1.0,2.75
Sokoto,2021-08-16,2.0,3.25
Sokoto,2021-08-23,4.0,2.0
Sokoto,2021-08-30,2.0,2.25
Sokoto,2021-09-06,0.0,2.0
Sokoto,2021-09-13,0.0,1.5
Sokoto,2021-09-20,0.0,0.5
Sokoto,2021-09-27,0.0,0.0
Sokoto,2021-10-04,6.0,1.5
Sokoto,2021-10-11,0.0,1.5
Sokoto,2021-10-18,3.0,2.25
Sokoto,2021-10-25,1.0,2.5
Sokoto,2021-11-01,1.0,1.25
Sokoto,2021-11-08,0.0,1.25
Sokoto,2021-11-15,0.0,0.5
Sokoto,2021-11-22,3.0,1.0
Sokoto,2021-11-29,0.0,0.75
Sokoto,2021-12-06,0.0,0.75
Sokoto,2021-12-13,0.0,0.75
Sokoto,2021-12-20,0.0,0.0
Sokoto,2021-12-27,0.0,0.0
Sokoto,2022-01-03,0.0,0.0
Sokoto,2022-01-10,0.0,0.0
Sokoto,2022-01-17,1.0,0.25
Sokoto,2022-01-24,0.0,0.25
Sokoto,2022-01-31,0.0,0.25
Sokoto,2022-02-07,0.0,0.25
Taraba,2020-03-02,0.0,
Taraba,2020-03-09,0.0,
Taraba,2020-03-16,0.0,
Taraba,2020-03-23,0.0,0.0
Taraba,2020-03-30,0.0,0.0
Taraba,2020-04-06,0.0,0.0
Taraba,2020-04-13,0.0,0.0
Taraba,2020-04-20,0.0,0.0
Taraba,2020-04-27,6.0,1.5
Taraba,2020-05-04,0.0,1.5
Taraba,2020-05-11,9.0,3.75
Taraba,2020-05-18,0.0,3.75
Taraba,2020-05-25,1.0,2.5
Taraba,2020-06-01,0.0,2.5
Taraba,2020-06-08,0.0,0.25
Taraba,2020-06-15,0.0,0.25
Taraba,2020-06-22,0.0,0.0
Taraba,2020-06-29,1.0,0.25
Taraba,2020-07-06,3.0,1.0
Taraba,2020-07-13,8.0,3.0
Taraba,2020-07-20,0.0,3.0
Taraba,2020-07-27,24.0,8.75
Taraba,2020-08-03,0.0,8.0
Taraba,2020-08-10,21.0,11.25
Taraba,2020-08-17,3.0,12.0
Taraba,2020-08-24,0.0,6.0
Taraba,2020-08-31,9.0,8.25
Taraba,2020-09-07,4.0,4.0
Taraba,2020-09-14,4.0,4.25
Taraba,2020-09-21,0.0,4.25
Taraba,2020-09-28,0.0,2.0
Taraba,2020-10-05,11.0,3.75
Taraba,2020-10-12,2.0,3.25
Taraba,2020-10-19,9.0,5.5
Taraba,2020-10-26,23.0,11.25
Taraba,2020-11-02,3.0,9.25
Taraba,2020-11-09,6.0,10.25
Taraba,2020-11-16,3.0,8.75
Taraba,2020-11-23,2.0,3.5
Taraba,2020-11-30,6.0,4.25
Taraba,2020-12-07,15.0,6.5
Taraba,2020-12-14,17.0,10.0
Taraba,2020-12-21,3.0,10.25
Taraba,2020-12-28,8.0,10.75
Taraba,2021-01-04,6.0,8.5
Taraba,2021-01-11,9.0,6.5
Taraba,2021-01-18,61.0,21.0
Taraba,2021-01-25,30.0,26.5
Taraba,2021-02-01,88.0,47.0
Taraba,2021-02-08,69.0,62.0
Taraba,2021-02-15,88.0,68.75
Taraba,2021-02-22,95.0,85.0
Taraba,2021-03-01,111.0,90.75
Taraba,2021-03-08,42.0,84.0
Taraba,2021-03-15,18.0,66.5
Taraba,2021-03-22,29.0,50.0
Taraba,2021-03-29,0.0,22.25
Taraba,2021-04-05,0.0,11.75
Taraba,2021-04-12,0.0,7.25
Taraba,2021-04-19,0.0,0.0
Taraba,2021-04-26,64.0,16.0
Taraba,2021-05-03,0.0,16.0
Taraba,2021-05-10,18.0,20.5
Taraba,2021-05-17,0.0,20.5
Taraba,2021-05-24,0.0,4.5
Taraba,2021-05-31,0.0,4.5
Taraba,2021-06-07,9.0,2.25
Taraba,2021-06-14,0.0,2.25
Taraba,2021-06-21,0.0,2.25
Taraba,2021-06-28,0.0,2.25
Taraba,2021-07-05,0.0,0.0
Taraba,2021-07-12,0.0,0.0
Taraba,2021-07-19,0.0,0.0
Taraba,2021-07-26,0.0,0.0
Taraba,2021-08-02,0.0,0.0
Taraba,2021-08-09,0.0,0.0
Taraba,2021-08-16,58.0,14.5
Taraba,2021-08-23,0.0,14.5
Taraba,2021-08-30,3.0,15.25
Taraba,2021-09-06,0.0,15.25
Taraba,2021-09-13,12.0,3.75
Taraba,2021-09-20,18.0,8.25
Taraba,2021-09-27,0.0,7.5
Taraba,2021-10-04,0.0,7.5
Taraba,2021-10-11,0.0,4.5
Taraba,2021-10-18,0.0,0.0
Taraba,2021-10-25,109.0,27.25
Taraba,2021-11-01,38.0,36.75
Taraba,2021-11-08,8.0,38.75
Taraba,2021-11-15,0.0,38.75
Taraba,2021-11-22,19.0,16.25
Taraba,2021-11-29,0.0,6.75
Taraba,2021-12-06,0.0,4.75
Taraba,2021-12-13,0.0,4.75
Taraba,2021-12-20,0.0,0.0
Taraba,2021-12-27,0.0,0.0
Taraba,2022-01-03,0.0,0.0
Taraba,2022-01-10,76.0,19.0
Taraba,2022-01-17,14.0,22.5
Taraba,2022-01-24,98.0,47.0
Taraba,2022-01-31,0.0,47.0
Taraba,2022-02-07,0.0,28.0
Yobe,2020-03-02,0.0,
Yobe,2020-03-09,0.0,
Yobe,2020-03-16,0.0,
Yobe,2020-03-23,0.0,0.0
Yobe,2020-03-30,0.0,0.0
Yobe,2020-04-06,0.0,0.0
Yobe,2020-04-13,0.0,0.0
Yobe,2020-04-20,0.0,0.0
Yobe,2020-04-27,0.0,0.0
Yobe,2020-05-04,10.0,2.5
Yobe,2020-05-11,0.0,2.5
Yobe,2020-05-18,19.0,7.25
Yobe,2020-05-25,13.0,10.5
Yobe,2020-06-01,3.0,8.75
Yobe,2020-06-08,0.0,8.75
Yobe,2020-06-15,2.0,4.5
Yobe,2020-06-22,1.0,1.5
Yobe,2020-06-29,3.0,1.5
Yobe,2020-07-06,2.0,2.0
Yobe,2020-07-13,1.0,1.75
Yobe,2020-07-20,2.0,2.0
Yobe,2020-07-27,2.0,1.75
Yobe,2020-08-03,1.0,1.5
Yobe,2020-08-10,0.0,1.25
Yobe,2020-08-17,0.0,0.75
Yobe,2020-08-24,0.0,0.25
Yobe,2020-08-31,0.0,0.0
Yobe,2020-09-07,0.0,0.0
Yobe,2020-09-14,3.0,0.75
Yobe,2020-09-21,3.0,1.5
Yobe,2020-09-28,1.0,1.75
Yobe,2020-10-05,0.0,1.75
Yobe,2020-10-12,3.0,1.75
Yobe,2020-10-19,0.0,1.0
Yobe,2020-10-26,3.0,1.5
Yobe,2020-11-02,0.0,1.5
Yobe,2020-11-09,0.0,0.75
Yobe,2020-11-16,0.0,0.75
Yobe,2020-11-23,12.0,3.0
Yobe,2020-11-30,6.0,4.5
Yobe,2020-12-07,0.0,4.5
Yobe,2020-12-14,8.0,6.5
Yobe,2020-12-21,30.0,11.0
Yobe,2020-12-28,23.0,15.25
Yobe,2021-01-04,14.0,18.75
Yobe,2021-01-11,6.0,18.25
Yobe,2021-01-18,4.0,11.75
Yobe,2021-01-25,10.0,8.5
Yobe,2021-02-01,20.0,10.0
Yobe,2021-02-08,9.0,10.75
Yobe,2021-02-15,10.0,12.25
Yobe,2021-02-22,8.0,11.75
Yobe,2021-03-01,0.0,6.75
Yobe,2021-03-08,25.0,10.75
Yobe,2021-03-15,0.0,8.25
Yobe,2021-03-22,0.0,6.25
Yobe,2021-03-29,20.0,11.25
Yobe,2021-04-05,15.0,8.75
Yobe,2021-04-12,37.0,18.0
Yobe,2021-04-19,6.0,19.5
Yobe,2021-04-26,19.0,19.25
Yobe,2021-05-03,19.0,20.25
Yobe,2021-05-10,13.0,14.25
Yobe,2021-05-17,14.0,16.25
Yobe,2021-05-24,8.0,13.5
Yobe,2021-05-31,0.0,8.75
Yobe,2021-06-07,16.0,9.5
Yobe,2021-06-14,18.0,10.5
Yobe,2021-06-21,0.0,8.5
Yobe,2021-06-28,10.0,11.0
Yobe,2021-07-05,11.0,9.75
Yobe,2021-07-12,0.0,5.25
Yobe,2021-07-19,0.0,5.25
Yobe,2021-07-26,0.0,2.75
Yobe,2021-08-02,0.0,0.0
Yobe,2021-08-09,0.0,0.0
Yobe,2021-08-16,0.0,0.0
Yobe,2021-08-23,2.0,0.5
Yobe,2021-08-30,0.0,0.5
Yobe,2021-09-06,0.0,0.5
Yobe,2021-09-13,0.0,0.5
Yobe,2021-09-20,0.0,0.0
Yobe,2021-09-27,1.0,0.25
Yobe,2021-10-04,0.0,0.25
Yobe,2021-10-11,0.0,0.25
Yobe,2021-10-18,0.0,0.25
Yobe,2021-10-25,0.0,0.0
Yobe,2021-11-01,0.0,0.0
Yobe,2021-11-08,0.0,0.0
Yobe,2021-11-15,0.0,0.0
Yobe,2021-11-22,0.0,0.0
Yobe,2021-11-29,0.0,0.0
Yobe,2021-12-06,0.0,0.0
Yobe,2021-12-13,0.0,0.0
Yobe,2021-12-20,0.0,0.0
Yobe,2021-12-27,0.0,0.0
Yobe,2022-01-03,0.0,0.0
Yobe,2022-01-10,0.0,0.0
Yobe,2022-01-17,0.0,0.0
Yobe,2022-01-24,0.0,0.0
Yobe,2022-01-31,7.0,1.75
Yobe,2022-02-07,0.0,1.75
Zamfara,2020-03-02,0.0,
Zamfara,2020-03-09,0.0,
Zamfara,2020-03-16,0.0,
Zamfara,2020-03-23,0.0,0.0
Zamfara,2020-03-30,0.0,0.0
Zamfara,2020-04-06,0.0,0.0
Zamfara,2020-04-13,0.0,0.0
Zamfara,2020-04-20,0.0,0.0
Zamfara,2020-04-27,2.0,0.5
Zamfara,2020-05-04,8.0,2.5
Zamfara,2020-05-11,25.0,8.75
Zamfara,2020-05-18,3.0,9.5
Zamfara,2020-05-25,0.0,9.0
Zamfara,2020-06-01,0.0,7.0
Zamfara,2020-06-08,0.0,0.75
Zamfara,2020-06-15,0.0,0.0
Zamfara,2020-06-22,0.0,0.0
Zamfara,2020-06-29,0.0,0.0
Zamfara,2020-07-06,0.0,0.0
Zamfara,2020-07-13,0.0,0.0
Zamfara,2020-07-20,1.0,0.25
Zamfara,2020-07-27,0.0,0.25
Zamfara,2020-08-03,0.0,0.25
Zamfara,2020-08-10,0.0,0.25
Zamfara,2020-08-17,0.0,0.0
Zamfara,2020-08-24,1.0,0.25
Zamfara,2020-08-31,0.0,0.25
Zamfara,2020-09-07,0.0,0.25
Zamfara,2020-09-14,0.0,0.25
Zamfara,2020-09-21,0.0,0.0
Zamfara,2020-09-28,0.0,0.0
Zamfara,2020-10-05,1.0,0.25
Zamfara,2020-10-12,0.0,0.25
Zamfara,2020-10-19,0.0,0.25
Zamfara,2020-10-26,0.0,0.25
Zamfara,2020-11-02,0.0,0.0
Zamfara,2020-11-09,0.0,0.0
Zamfara,2020-11-16,0.0,0.0
Zamfara,2020-11-23,0.0,0.0
Zamfara,2020-11-30,0.0,0.0
Zamfara,2020-12-07,0.0,0.0
Zamfara,2020-12-14,0.0,0.0
Zamfara,2020-12-21,0.0,0.0
Zamfara,2020-12-28,7.0,1.75
Zamfara,2021-01-04,25.0,8.0
Zamfara,2021-01-11,45.0,19.25
Zamfara,2021-01-18,2.0,19.75
Zamfara,2021-01-25,18.0,22.5
Zamfara,2021-02-01,14.0,19.75
Zamfara,2021-02-08,8.0,10.5
Zamfara,2021-02-15,0.0,10.0
Zamfara,2021-02-22,3.0,6.25
Zamfara,2021-03-01,0.0,2.75
Zamfara,2021-03-08,2.0,1.25
Zamfara,2021-03-15,4.0,2.25
Zamfara,2021-03-22,5.0,2.75
Zamfara,2021-03-29,1.0,3.0
Zamfara,2021-04-05,0.0,2.5
Zamfara,2021-04-12,2.0,2.0
Zamfara,2021-04-19,6.0,2.25
Zamfara,2021-04-26,0.0,2.0
Zamfara,2021-05-03,0.0,2.0
Zamfara,2021-05-10,4.0,2.5
Zamfara,2021-05-17,0.0,1.0
Zamfara,2021-05-24,0.0,1.0
Zamfara,2021-05-31,0.0,1.0
Zamfara,2021-06-07,0.0,0.0
Zamfara,2021-06-14,0.0,0.0
Zamfara,2021-06-21,0.0,0.0
Zamfara,2021-06-28,0.0,0.0
Zamfara,2021-07-05,0.0,0.0
Zamfara,2021-07-12,0.0,0.0
Zamfara,2021-07-19,0.0,0.0
Zamfara,2021-07-26,0.0,0.0
Zamfara,2021-08-02,4.0,1.0
Zamfara,2021-08-09,3.0,1.75
Zamfara,2021-08-16,0.0,1.75
Zamfara,2021-08-23,0.0,1.75
Zamfara,2021-08-30,0.0,0.75
Zamfara,2021-09-06,2.0,0.5
Zamfara,2021-09-13,0.0,0.5
Zamfara,2021-09-20,0.0,0.5
Zamfara,2021-09-27,2.0,1.0
Zamfara,2021-10-04,11.0,3.25
Zamfara,2021-10-11,10.0,5.75
Zamfara,2021-10-18,1.0,6.0
Zamfara,2021-10-25,0.0,5.5
Zamfara,2021-11-01,25.0,9.0
Zamfara,2021-11-08,29.0,13.75
Zamfara,2021-11-15,2.0,14.0
Zamfara,2021-11-22,29.0,21.25
Zamfara,2021-11-29,1.0,15.25
Zamfara,2021-12-06,0.0,8.0
Zamfara,2021-12-13,4.0,8.5
Zamfara,2021-12-20,7.0,3.0
Zamfara,2021-12-27,1.0,3.0
Zamfara,2022-01-03,0.0,3.0
Zamfara,2022-01-10,0.0,2.0
Zamfara,2022-01-17,0.0,0.25
Zamfara,2022-01-24,0.0,0.0
Zamfara,2022-01-31,0.0,0.0
Zamfara,2022-02-07,0.0,0.0
